,Frequency_1,Amplitude_1,Phase_1,Frequency_2,Amplitude_2,Phase_2,Frequency_3,Amplitude_3,Phase_3
0,11500000000.0,-3.920039527E+01,-3.077652661E+01,11600000000.0,-3.890003017E+01,-1.475239306E+02,11700000000.0,"-4.066454305E+01
","1.165345342E+02
"
1,11500000000.0,-3.622528734E+01,-2.005390843E+01,11600000000.0,-3.429870270E+01,-1.375634621E+02,11700000000.0,"-3.626172107E+01
","1.234854513E+02
"
2,11500000000.0,-3.473675504E+01,-2.214246564E+01,11600000000.0,-3.281450186E+01,-1.381763918E+02,11700000000.0,"-3.526815370E+01
","1.233507478E+02
"
3,11500000000.0,-3.448209563E+01,-2.862187540E+01,11600000000.0,-3.205958719E+01,-1.466493413E+02,11700000000.0,"-3.434589492E+01
","1.139196946E+02
"
4,11500000000.0,-3.497946718E+01,-3.694644954E+01,11600000000.0,-3.329064111E+01,-1.567321441E+02,11700000000.0,"-3.504479800E+01
","1.106912751E+02
"
5,11500000000.0,-3.540928466E+01,-3.306026029E+01,11600000000.0,-3.357653626E+01,-1.540428801E+02,11700000000.0,"-3.521387955E+01
","1.136111985E+02
"
6,11500000000.0,-3.487420605E+01,-1.819465059E+01,11600000000.0,-3.248999532E+01,-1.373128615E+02,11700000000.0,"-3.471334289E+01
","1.257576152E+02
"
7,11500000000.0,-3.554543908E+01,-2.378404601E+01,11600000000.0,-3.388732509E+01,-1.442266889E+02,11700000000.0,"-3.564622865E+01
","1.212444772E+02
"
8,11500000000.0,-3.645617421E+01,-3.529387278E+01,11600000000.0,-3.409981951E+01,-1.540140254E+02,11700000000.0,"-3.682050405E+01
","1.173883880E+02
"
9,11500000000.0,-3.647504716E+01,-2.804482647E+01,11600000000.0,-3.442842512E+01,-1.487659100E+02,11700000000.0,"-3.703126864E+01
","1.163248389E+02
"
10,11500000000.0,-3.836622387E+01,-2.877962055E+01,11600000000.0,-3.470256859E+01,-1.508521577E+02,11700000000.0,"-3.657828097E+01
","1.198977558E+02
"
11,11500000000.0,-3.575337582E+01,-2.903823705E+01,11600000000.0,-3.302878377E+01,-1.449359251E+02,11700000000.0,"-3.559101165E+01
","1.181655568E+02
"
12,11500000000.0,-3.377967199E+01,-2.396835904E+01,11600000000.0,-3.201244151E+01,-1.451133855E+02,11700000000.0,"-3.339721566E+01
","1.164899186E+02
"
13,11500000000.0,-3.495998468E+01,-2.180173590E+01,11600000000.0,-3.308772524E+01,-1.380521061E+02,11700000000.0,"-3.541883462E+01
","1.197472220E+02
"
14,11500000000.0,-3.622376884E+01,-9.800873846E+00,11600000000.0,-3.514878495E+01,-1.266915562E+02,11700000000.0,"-3.745379311E+01
","1.244998484E+02
"
15,11500000000.0,-3.846953390E+01,-1.311975189E+01,11600000000.0,-3.686250827E+01,-1.343131189E+02,11700000000.0,"-3.819672285E+01
","1.222470966E+02
"
16,11500000000.0,-3.788296587E+01,-3.606094811E+01,11600000000.0,-3.611492000E+01,-1.614387200E+02,11700000000.0,"-3.923968905E+01
","1.050785735E+02
"
17,11500000000.0,-3.637944403E+01,-2.826814503E+01,11600000000.0,-3.384994693E+01,-1.457379997E+02,11700000000.0,"-3.735800856E+01
","1.158365492E+02
"
18,11500000000.0,-3.370544163E+01,-3.404113966E+01,11600000000.0,-3.275022757E+01,-1.514719778E+02,11700000000.0,"-3.495515778E+01
","1.067297688E+02
"
19,11500000000.0,-3.275810488E+01,-3.511162109E+01,11600000000.0,-3.117860935E+01,-1.603099559E+02,11700000000.0,"-3.319210182E+01
","1.000698914E+02
"
20,11500000000.0,-3.446153213E+01,-5.226928432E+01,11600000000.0,-3.195662355E+01,-1.696595979E+02,11700000000.0,"-3.505020329E+01
","9.081579333E+01
"
21,11500000000.0,-3.471076379E+01,-5.161428255E+01,11600000000.0,-3.300853468E+01,-1.683295383E+02,11700000000.0,"-3.537709337E+01
","8.845607980E+01
"
22,11500000000.0,-3.424389795E+01,-3.599433288E+01,11600000000.0,-3.222484644E+01,-1.613326228E+02,11700000000.0,"-3.472132170E+01
","1.024662163E+02
"
23,11500000000.0,-3.482062962E+01,-4.683213287E+01,11600000000.0,-3.221437535E+01,-1.655050592E+02,11700000000.0,"-3.504624243E+01
","9.603368527E+01
"
24,11500000000.0,-3.473750723E+01,-4.377495614E+01,11600000000.0,-3.296915393E+01,-1.607066079E+02,11700000000.0,"-3.501847711E+01
","9.884373111E+01
"
25,11500000000.0,-3.400677531E+01,-2.961828180E+01,11600000000.0,-3.316006530E+01,-1.473972356E+02,11700000000.0,"-3.417218190E+01
","1.136615842E+02
"
26,11500000000.0,-3.519997899E+01,-3.162608405E+01,11600000000.0,-3.384102556E+01,-1.502579168E+02,11700000000.0,"-3.538976084E+01
","1.158785095E+02
"
27,11500000000.0,-3.560170790E+01,-3.569937768E+01,11600000000.0,-3.335117100E+01,-1.514605133E+02,11700000000.0,"-3.556991198E+01
","1.118253111E+02
"
28,11500000000.0,-3.436940979E+01,-3.346734757E+01,11600000000.0,-3.193728739E+01,-1.491041790E+02,11700000000.0,"-3.467553721E+01
","1.118408153E+02
"
29,11500000000.0,-3.544583783E+01,-2.643418791E+01,11600000000.0,-3.369901650E+01,-1.420045658E+02,11700000000.0,"-3.513324873E+01
","1.134795560E+02
"
30,11500000000.0,-3.521850896E+01,-8.991008622E+00,11600000000.0,-3.393471297E+01,-1.280836925E+02,11700000000.0,"-3.538513739E+01
","1.214066153E+02
"
31,11500000000.0,-3.767614454E+01,-1.964785790E+01,11600000000.0,-3.568357331E+01,-1.434599731E+02,11700000000.0,"-3.688643532E+01
","1.200347983E+02
"
32,11500000000.0,-3.759940000E+01,-3.179310422E+00,11600000000.0,-3.447954551E+01,-1.309079110E+02,11700000000.0,"-3.659497422E+01
","1.322349844E+02
"
33,11500000000.0,-3.505621119E+01,1.095637219E+01,11600000000.0,-3.334510330E+01,-1.157862244E+02,11700000000.0,"-3.411795566E+01
","1.447210527E+02
"
34,11500000000.0,-3.388735864E+01,-9.976687862E+00,11600000000.0,-3.220067889E+01,-1.303382654E+02,11700000000.0,"-3.362032876E+01
","1.317231783E+02
"
35,11500000000.0,-3.216200258E+01,-1.651335235E+01,11600000000.0,-3.009301563E+01,-1.317625425E+02,11700000000.0,"-3.199880320E+01
","1.229994867E+02
"
36,11500000000.0,-3.341040058E+01,-2.092165858E+01,11600000000.0,-3.104224662E+01,-1.373338042E+02,11700000000.0,"-3.354434744E+01
","1.184968461E+02
"
37,11500000000.0,-3.592946266E+01,-2.879533157E+01,11600000000.0,-3.212036539E+01,-1.430946936E+02,11700000000.0,"-3.461502872E+01
","1.203437079E+02
"
38,11500000000.0,-3.431464469E+01,-1.761466164E+01,11600000000.0,-3.147684219E+01,-1.411829156E+02,11700000000.0,"-3.351688157E+01
","1.217656636E+02
"
39,11500000000.0,-3.341124803E+01,-1.770215999E+01,11600000000.0,-3.120083558E+01,-1.415614958E+02,11700000000.0,"-3.277364045E+01
","1.179396342E+02
"
40,11500000000.0,-3.424934831E+01,-9.988601802E+00,11600000000.0,-3.176748653E+01,-1.315914632E+02,11700000000.0,"-3.385478509E+01
","1.222767496E+02
"
41,11500000000.0,-3.552731242E+01,-2.928192440E+00,11600000000.0,-3.211883017E+01,-1.279200199E+02,11700000000.0,"-3.447970579E+01
","1.325289133E+02
"
42,11500000000.0,-3.594937039E+01,-1.800133502E+01,11600000000.0,-3.339266095E+01,-1.394034155E+02,11700000000.0,"-3.443005562E+01
","1.179847859E+02
"
43,11500000000.0,-3.438960519E+01,-2.270329505E+01,11600000000.0,-3.259858811E+01,-1.396251003E+02,11700000000.0,"-3.463298846E+01
","1.193998216E+02
"
44,11500000000.0,-3.343884204E+01,-3.234974798E+00,11600000000.0,-3.096250194E+01,-1.271020664E+02,11700000000.0,"-3.297496858E+01
","1.333829400E+02
"
45,11500000000.0,-3.347430295E+01,4.241012264E+00,11600000000.0,-3.197127749E+01,-1.170867807E+02,11700000000.0,"-3.337578525E+01
","1.414207394E+02
"
46,11500000000.0,-3.557191948E+01,-1.037208898E+00,11600000000.0,-3.261189667E+01,-1.166463406E+02,11700000000.0,"-3.604897761E+01
","1.404428840E+02
"
47,11500000000.0,-3.935181717E+01,-1.217927680E+01,11600000000.0,-3.736706773E+01,-1.321824060E+02,11700000000.0,"-3.974118360E+01
","1.284956601E+02
"
48,11500000000.0,-3.941966530E+01,1.478857990E+01,11600000000.0,-3.797466811E+01,-1.051955011E+02,11700000000.0,"-4.090869606E+01
","1.527094437E+02
"
49,11500000000.0,-3.590454196E+01,2.501466296E+01,11600000000.0,-3.515070763E+01,-9.311284406E+01,11700000000.0,"-3.709891246E+01
","1.625488650E+02
"
50,11500000000.0,-3.541683675E+01,1.027549445E+01,11600000000.0,-3.388496015E+01,-9.723076058E+01,11700000000.0,"-3.618436559E+01
","1.632628149E+02
"
51,11500000000.0,-3.426769149E+01,8.677595272E+00,11600000000.0,-3.206176314E+01,-1.141105610E+02,11700000000.0,"-3.398050692E+01
","1.496822704E+02
"
52,11500000000.0,-3.577018889E+01,-1.939503208E+00,11600000000.0,-3.331406021E+01,-1.232658677E+02,11700000000.0,"-3.518523223E+01
","1.416130843E+02
"
53,11500000000.0,-3.809820469E+01,-1.532840482E+01,11600000000.0,-3.550274057E+01,-1.337792071E+02,11700000000.0,"-3.580259051E+01
","1.384837704E+02
"
54,11500000000.0,-3.565918517E+01,-5.499450404E+00,11600000000.0,-3.383616180E+01,-1.274291200E+02,11700000000.0,"-3.489601022E+01
","1.309951229E+02
"
55,11500000000.0,-3.436255315E+01,-1.210099016E+01,11600000000.0,-3.271256412E+01,-1.286590687E+02,11700000000.0,"-3.437379758E+01
","1.358379302E+02
"
56,11500000000.0,-3.452555154E+01,-6.979373386E+00,11600000000.0,-3.300534122E+01,-1.266617849E+02,11700000000.0,"-3.445613622E+01
","1.346339858E+02
"
57,11500000000.0,-3.580334785E+01,-2.569587024E+00,11600000000.0,-3.368137347E+01,-1.154807388E+02,11700000000.0,"-3.560447426E+01
","1.448081324E+02
"
58,11500000000.0,-3.772153839E+01,-1.060870057E+01,11600000000.0,-3.556831537E+01,-1.301288088E+02,11700000000.0,"-3.678382234E+01
","1.334796559E+02
"
59,11500000000.0,-3.636887687E+01,-1.499081313E+01,11600000000.0,-3.459513032E+01,-1.360691056E+02,11700000000.0,"-3.585751678E+01
","1.307581711E+02
"
60,11500000000.0,-3.413479813E+01,-7.428867315E+00,11600000000.0,-3.246177514E+01,-1.277355583E+02,11700000000.0,"-3.370597592E+01
","1.360688688E+02
"
61,11500000000.0,-3.492625495E+01,-9.403965886E-01,11600000000.0,-3.272078098E+01,-1.163564595E+02,11700000000.0,"-3.456051950E+01
","1.471528983E+02
"
62,11500000000.0,-3.568746560E+01,2.367462339E+00,11600000000.0,-3.384981010E+01,-1.173249357E+02,11700000000.0,"-3.560154669E+01
","1.438278201E+02
"
63,11500000000.0,-3.869672109E+01,-1.762550425E+01,11600000000.0,-3.867143107E+01,-1.323491154E+02,11700000000.0,"-3.883590994E+01
","1.214648266E+02
"
64,11500000000.0,-3.956205468E+01,-4.031747975E+00,11600000000.0,-3.792770759E+01,-1.148499834E+02,11700000000.0,"-4.026782712E+01
","1.347779803E+02
"
65,11500000000.0,-3.785742468E+01,6.336713901E+00,11600000000.0,-3.590028162E+01,-1.145295799E+02,11700000000.0,"-3.856802772E+01
","1.503950221E+02
"
66,11500000000.0,-3.662999486E+01,-4.735017771E+00,11600000000.0,-3.437814612E+01,-1.176246048E+02,11700000000.0,"-3.608641797E+01
","1.462329325E+02
"
67,11500000000.0,-3.625242990E+01,-1.489597548E+01,11600000000.0,-3.400578504E+01,-1.281519038E+02,11700000000.0,"-3.552847651E+01
","1.318270190E+02
"
68,11500000000.0,-3.742992324E+01,-2.702186772E+01,11600000000.0,-3.522840856E+01,-1.366363190E+02,11700000000.0,"-3.618495870E+01
","1.218796621E+02
"
69,11500000000.0,-3.571816043E+01,-1.268239964E+01,11600000000.0,-3.362158040E+01,-1.293337486E+02,11700000000.0,"-3.561866315E+01
","1.331244697E+02
"
70,11500000000.0,-6.728834493E+01,-4.741907974E+00,11600000000.0,-7.463176603E+01,-1.166110405E+02,11700000000.0,"-6.538417319E+01
","1.429617533E+02
"
71,11500000000.0,-3.646318076E+01,-1.971739873E+01,11600000000.0,-3.433513562E+01,-1.335833729E+02,11700000000.0,"-3.579887584E+01
","1.268482003E+02
"
72,11500000000.0,-3.687566474E+01,-2.893071649E+01,11600000000.0,-3.502685776E+01,-1.369057661E+02,11700000000.0,"-3.695798180E+01
","1.197630316E+02
"
73,11500000000.0,-3.660161073E+01,-1.957109750E+00,11600000000.0,-3.506505851E+01,-1.229415208E+02,11700000000.0,"-3.579063912E+01
","1.353752950E+02
"
74,11500000000.0,-3.800025797E+01,-6.383582573E+00,11600000000.0,-3.536884825E+01,-1.246417941E+02,11700000000.0,"-3.655307282E+01
","1.389600277E+02
"
75,11500000000.0,-3.698030894E+01,-1.512971187E+01,11600000000.0,-3.442242381E+01,-1.304823879E+02,11700000000.0,"-3.613227660E+01
","1.325484236E+02
"
76,11500000000.0,-3.498561525E+01,-9.146427064E+00,11600000000.0,-3.302583018E+01,-1.290130980E+02,11700000000.0,"-3.485596312E+01
","1.387722983E+02
"
77,11500000000.0,-3.606614790E+01,-9.542582657E+00,11600000000.0,-3.567510507E+01,-1.220445581E+02,11700000000.0,"-3.746279147E+01
","1.356656966E+02
"
78,11500000000.0,-3.848523403E+01,1.248088296E+01,11600000000.0,-3.758772703E+01,-1.099207395E+02,11700000000.0,"-3.842829435E+01
","1.516831574E+02
"
79,11500000000.0,-3.873095858E+01,1.072559042E+01,11600000000.0,-3.808128821E+01,-1.068631825E+02,11700000000.0,"-4.127994516E+01
","1.558305040E+02
"
80,11500000000.0,-3.990968350E+01,-1.416616117E+01,11600000000.0,-3.803139565E+01,-1.319642946E+02,11700000000.0,"-3.996600399E+01
","1.296056484E+02
"
81,11500000000.0,-3.704565843E+01,-1.202757641E+01,11600000000.0,-3.534102794E+01,-1.219840698E+02,11700000000.0,"-3.842873304E+01
","1.347484797E+02
"
82,11500000000.0,-3.512459729E+01,-1.372862403E+01,11600000000.0,-3.372310770E+01,-1.365945502E+02,11700000000.0,"-3.517801729E+01
","1.335910653E+02
"
83,11500000000.0,-3.467725588E+01,-2.047617992E+01,11600000000.0,-3.215227456E+01,-1.385218493E+02,11700000000.0,"-3.440103759E+01
","1.183589689E+02
"
84,11500000000.0,-3.478749864E+01,-3.091416994E+01,11600000000.0,-3.382901260E+01,-1.492349196E+02,11700000000.0,"-3.466162959E+01
","1.089960419E+02
"
85,11500000000.0,-3.599036109E+01,-2.802157028E+01,11600000000.0,-3.330866729E+01,-1.494173026E+02,11700000000.0,"-3.478459807E+01
","1.103854839E+02
"
86,11500000000.0,-3.510483032E+01,-2.309900517E+01,11600000000.0,-3.265137173E+01,-1.399563077E+02,11700000000.0,"-3.451693310E+01
","1.197400523E+02
"
87,11500000000.0,-3.513282641E+01,-2.909016359E+01,11600000000.0,-3.334435849E+01,-1.491854812E+02,11700000000.0,"-3.433166351E+01
","1.089537631E+02
"
88,11500000000.0,-3.637962761E+01,-3.202613343E+01,11600000000.0,-3.300780444E+01,-1.543308381E+02,11700000000.0,"-3.511064891E+01
","1.114524190E+02
"
89,11500000000.0,-3.545109075E+01,-2.491326424E+01,11600000000.0,-3.230333777E+01,-1.399405229E+02,11700000000.0,"-3.535920980E+01
","1.227442039E+02
"
90,11500000000.0,-3.566794554E+01,-3.207010164E+01,11600000000.0,-3.309977485E+01,-1.367819177E+02,11700000000.0,"-3.554878961E+01
","1.168431518E+02
"
91,11500000000.0,-3.480182198E+01,-2.777877567E+01,11600000000.0,-3.316183003E+01,-1.437548561E+02,11700000000.0,"-3.464555185E+01
","1.150260563E+02
"
92,11500000000.0,-3.444883452E+01,-1.953088373E+01,11600000000.0,-3.199243801E+01,-1.388415944E+02,11700000000.0,"-3.342911451E+01
","1.230458286E+02
"
93,11500000000.0,-3.554471962E+01,-1.366364684E+01,11600000000.0,-3.307389106E+01,-1.324556385E+02,11700000000.0,"-3.522535944E+01
","1.353051669E+02
"
94,11500000000.0,-3.673629761E+01,-6.830330011E-01,11600000000.0,-3.367248721E+01,-1.225325873E+02,11700000000.0,"-3.608742356E+01
","1.435000659E+02
"
95,11500000000.0,-3.884354457E+01,-1.227284831E+01,11600000000.0,-3.597723575E+01,-1.318575272E+02,11700000000.0,"-3.815892810E+01
","1.327931743E+02
"
96,11500000000.0,-3.746598265E+01,-6.982662613E+00,11600000000.0,-3.547829698E+01,-1.248220994E+02,11700000000.0,"-3.783889223E+01
","1.343007099E+02
"
97,11500000000.0,-3.680923148E+01,1.628630779E+00,11600000000.0,-3.390611410E+01,-1.151839809E+02,11700000000.0,"-3.701317337E+01
","1.467681903E+02
"
98,11500000000.0,-3.581094559E+01,-1.240038511E+01,11600000000.0,-3.356044911E+01,-1.256378290E+02,11700000000.0,"-3.610945810E+01
","1.358689281E+02
"
99,11500000000.0,-3.461382938E+01,-1.532500752E+01,11600000000.0,-3.181125807E+01,-1.364287097E+02,11700000000.0,"-3.420628238E+01
","1.261149791E+02
"
100,11500000000.0,-3.482798341E+01,-1.775205552E+01,11600000000.0,-3.247983560E+01,-1.395411647E+02,11700000000.0,"-3.424294948E+01
","1.273270394E+02
"
101,11500000000.0,-3.427098017E+01,-1.352389143E+01,11600000000.0,-3.223387282E+01,-1.368128240E+02,11700000000.0,"-3.417617064E+01
","1.263691146E+02
"
102,11500000000.0,-3.388835611E+01,-1.999557728E+01,11600000000.0,-3.175706979E+01,-1.367391054E+02,11700000000.0,"-3.456603293E+01
","1.209486350E+02
"
103,11500000000.0,-3.515088928E+01,-3.177687071E+01,11600000000.0,-3.201189259E+01,-1.498966870E+02,11700000000.0,"-3.555276722E+01
","1.130352511E+02
"
104,11500000000.0,-3.473667006E+01,-2.286441915E+01,11600000000.0,-3.246135577E+01,-1.478460376E+02,11700000000.0,"-3.460620624E+01
","1.126556719E+02
"
105,11500000000.0,-3.382151687E+01,-1.718987363E+01,11600000000.0,-3.245861058E+01,-1.360296679E+02,11700000000.0,"-3.436819633E+01
","1.190295518E+02
"
106,11500000000.0,-3.580485136E+01,-2.651526913E+01,11600000000.0,-3.296215324E+01,-1.451112116E+02,11700000000.0,"-3.572959029E+01
","1.130149828E+02
"
107,11500000000.0,-3.480833956E+01,2.658528282E+01,11600000000.0,-3.336766836E+01,4.291955952E+01,11700000000.0,"-3.452656670E+01
","1.250738227E+02
"
108,11500000000.0,-3.371915088E+01,-1.607557810E+01,11600000000.0,-3.165210086E+01,-1.346062291E+02,11700000000.0,"-3.385686273E+01
","1.215891055E+02
"
109,11500000000.0,-3.488252198E+01,-7.538416107E+00,11600000000.0,-3.223581911E+01,-1.309119597E+02,11700000000.0,"-3.442925708E+01
","1.354451715E+02
"
110,11500000000.0,-3.588969976E+01,-6.982726493E+00,11600000000.0,-3.390753956E+01,-1.218814700E+02,11700000000.0,"-3.692733001E+01
","1.314058348E+02
"
111,11500000000.0,-3.789049383E+01,-1.772161586E+01,11600000000.0,-3.625071906E+01,-1.300022682E+02,11700000000.0,"-3.923568824E+01
","1.269208301E+02
"
112,11500000000.0,-3.968044764E+01,-2.350804869E+00,11600000000.0,-3.917577306E+01,-1.109964823E+02,11700000000.0,"-4.156897987E+01
","1.478113944E+02
"
113,11500000000.0,-3.666882732E+01,1.213618647E+01,11600000000.0,-3.527731490E+01,-1.091563203E+02,11700000000.0,"-3.647935147E+01
","1.568716503E+02
"
114,11500000000.0,-3.515550987E+01,1.019679424E+01,11600000000.0,-3.457796206E+01,-1.078913287E+02,11700000000.0,"-3.615853310E+01
","1.529922796E+02
"
115,11500000000.0,-3.483687277E+01,-3.015228197E+00,11600000000.0,-3.283705335E+01,-1.223649704E+02,11700000000.0,"-3.451020911E+01
","1.432137099E+02
"
116,11500000000.0,-3.450877984E+01,-2.201382535E+01,11600000000.0,-3.246427297E+01,-1.360239968E+02,11700000000.0,"-3.424683696E+01
","1.271065107E+02
"
117,11500000000.0,-3.567153205E+01,-1.365564776E+01,11600000000.0,-3.286719959E+01,-1.303147571E+02,11700000000.0,"-3.485427006E+01
","1.326754609E+02
"
118,11500000000.0,-3.548405397E+01,3.635007802E+00,11600000000.0,-3.358360662E+01,-1.208783055E+02,11700000000.0,"-3.469544932E+01
","1.426399325E+02
"
119,11500000000.0,-3.666660562E+01,-9.484798574E+00,11600000000.0,-3.463150273E+01,-1.224085814E+02,11700000000.0,"-3.689593939E+01
","1.360905197E+02
"
120,11500000000.0,-3.695280169E+01,-2.930782107E+00,11600000000.0,-3.414906337E+01,-1.246030186E+02,11700000000.0,"-3.673953120E+01
","1.335692883E+02
"
121,11500000000.0,-3.631614477E+01,3.933714609E+00,11600000000.0,-3.421199155E+01,-1.119454739E+02,11700000000.0,"-3.649978727E+01
","1.472328086E+02
"
122,11500000000.0,-3.708216361E+01,-2.227439922E+00,11600000000.0,-3.470443787E+01,-1.240123604E+02,11700000000.0,"-3.673871069E+01
","1.378944861E+02
"
123,11500000000.0,-3.493787833E+01,-1.482359334E+01,11600000000.0,-3.331796744E+01,-1.312759558E+02,11700000000.0,"-3.535553881E+01
","1.320187275E+02
"
124,11500000000.0,-3.300603981E+01,-1.556184701E+01,11600000000.0,-3.129514919E+01,-1.307254806E+02,11700000000.0,"-3.332475008E+01
","1.326489628E+02
"
125,11500000000.0,-3.439559234E+01,-1.358787269E+01,11600000000.0,-3.264850260E+01,-1.263418158E+02,11700000000.0,"-3.445463391E+01
","1.374866864E+02
"
126,11500000000.0,-3.705281690E+01,3.966887120E-01,11600000000.0,-3.523855960E+01,-1.212078382E+02,11700000000.0,"-3.765579818E+01
","1.404136934E+02
"
127,11500000000.0,-3.896568765E+01,-6.937846640E+00,11600000000.0,-3.772677446E+01,-1.214359188E+02,11700000000.0,"-3.987771307E+01
","1.341058472E+02
"
128,11500000000.0,-4.258947664E+01,3.839835408E+00,11600000000.0,-4.057539908E+01,-1.160810747E+02,11700000000.0,"-4.269106820E+01
","1.530642962E+02
"
129,11500000000.0,-3.798019860E+01,7.934481518E+00,11600000000.0,-3.681596839E+01,-1.046854963E+02,11700000000.0,"-3.892433139E+01
","1.538842625E+02
"
130,11500000000.0,-3.538078726E+01,2.494946599E+00,11600000000.0,-3.368513285E+01,-1.094639011E+02,11700000000.0,"-3.553166778E+01
","1.540401768E+02
"
131,11500000000.0,-3.393847988E+01,-3.842206391E+00,11600000000.0,-3.174286647E+01,-1.192503779E+02,11700000000.0,"-3.422962779E+01
","1.442314348E+02
"
132,11500000000.0,-3.473782790E+01,-1.247001378E+01,11600000000.0,-3.260295980E+01,-1.293498634E+02,11700000000.0,"-3.442979180E+01
","1.330113049E+02
"
133,11500000000.0,-3.576026267E+01,-1.236558186E+01,11600000000.0,-3.294397073E+01,-1.318401551E+02,11700000000.0,"-3.555180942E+01
","1.322314952E+02
"
134,11500000000.0,-3.586821681E+01,-7.987578923E+00,11600000000.0,-3.390754645E+01,-1.205674185E+02,11700000000.0,"-3.588728890E+01
","1.418327881E+02
"
135,11500000000.0,-3.595165564E+01,-3.547694427E+00,11600000000.0,-3.330760424E+01,-1.226047189E+02,11700000000.0,"-3.510280826E+01
","1.362178495E+02
"
136,11500000000.0,-3.525902025E+01,-1.150200568E+01,11600000000.0,-3.336668091E+01,-1.256524629E+02,11700000000.0,"-3.544262195E+01
","1.336654580E+02
"
137,11500000000.0,-3.619869435E+01,1.180638529E+00,11600000000.0,-3.399730333E+01,-1.194897039E+02,11700000000.0,"-3.555200785E+01
","1.431980079E+02
"
138,11500000000.0,-3.774994364E+01,-6.272016542E+00,11600000000.0,-3.489951649E+01,-1.198860085E+02,11700000000.0,"-3.717622976E+01
","1.413397484E+02
"
139,11500000000.0,-3.586473634E+01,-7.734398214E+00,11600000000.0,-3.336213094E+01,-1.259799068E+02,11700000000.0,"-3.480928947E+01
","1.319363640E+02
"
140,11500000000.0,-3.457563045E+01,-5.213660179E-01,11600000000.0,-3.243180558E+01,-1.135912038E+02,11700000000.0,"-3.417636568E+01
","1.473281534E+02
"
141,11500000000.0,-3.448281118E+01,9.356894951E+00,11600000000.0,-3.383056864E+01,-1.034523770E+02,11700000000.0,"-3.553132208E+01
","1.541341436E+02
"
142,11500000000.0,-3.664382261E+01,1.151296397E+01,11600000000.0,-3.475936785E+01,-1.055210228E+02,11700000000.0,"-3.580859953E+01
","1.601986637E+02
"
143,11500000000.0,-3.896589183E+01,-1.573012812E+00,11600000000.0,-3.779266550E+01,-1.074424250E+02,11700000000.0,"-3.975140622E+01
","1.482673160E+02
"
144,11500000000.0,-4.055099524E+01,-7.032824221E+00,11600000000.0,-3.825859194E+01,-1.220925449E+02,11700000000.0,"-4.159955525E+01
","1.368974862E+02
"
145,11500000000.0,-3.618852229E+01,-6.527632703E+00,11600000000.0,-3.445443682E+01,-1.286741669E+02,11700000000.0,"-3.613357524E+01
","1.283101750E+02
"
146,11500000000.0,-3.335673896E+01,-2.764199395E-01,11600000000.0,-3.106461589E+01,-1.193220821E+02,11700000000.0,"-3.327004863E+01
","1.472661288E+02
"
147,11500000000.0,-3.334099265E+01,4.976292810E+00,11600000000.0,-3.180536119E+01,-1.110882402E+02,11700000000.0,"-3.386175352E+01
","1.453469537E+02
"
148,11500000000.0,-3.866953408E+01,-7.015878593E+00,11600000000.0,-3.682405240E+01,-1.337040143E+02,11700000000.0,"-3.798375628E+01
","1.392708449E+02
"
149,11500000000.0,-4.354104196E+01,-3.558758096E+01,11600000000.0,-3.998791771E+01,-1.418681478E+02,11700000000.0,"-4.325115593E+01
","1.234514406E+02
"
150,11500000000.0,-3.933995261E+01,-1.566823199E+01,11600000000.0,-3.823827536E+01,-1.434554348E+02,11700000000.0,"-3.843956281E+01
","1.219895728E+02
"
151,11500000000.0,-3.988055015E+01,-2.896806450E+01,11600000000.0,-3.598661833E+01,-1.511153529E+02,11700000000.0,"-3.805628495E+01
","1.163779475E+02
"
152,11500000000.0,-3.926031078E+01,-2.711256005E+01,11600000000.0,-3.653514108E+01,-1.373387890E+02,11700000000.0,"-4.035128695E+01
","1.225359978E+02
"
153,11500000000.0,-3.682947344E+01,9.937688440E+00,11600000000.0,-3.568065500E+01,-1.100407627E+02,11700000000.0,"-3.618816323E+01
","1.526582476E+02
"
154,11500000000.0,-3.566759013E+01,2.153317767E+01,11600000000.0,-3.337969189E+01,-1.107726163E+02,11700000000.0,"-3.413678957E+01
","1.620640403E+02
"
155,11500000000.0,-3.475514597E+01,1.147757069E+00,11600000000.0,-3.152296711E+01,-1.229208738E+02,11700000000.0,"-3.389694679E+01
","1.434867093E+02
"
156,11500000000.0,-3.444310846E+01,-9.655827553E+00,11600000000.0,-3.207234010E+01,-1.280257706E+02,11700000000.0,"-3.427289410E+01
","1.267982880E+02
"
157,11500000000.0,-3.666278528E+01,5.884707315E+00,11600000000.0,-3.572449429E+01,-1.093736206E+02,11700000000.0,"-3.729382460E+01
","1.487959185E+02
"
158,11500000000.0,-3.503421811E+01,2.066065983E+01,11600000000.0,-3.380914042E+01,-1.022913698E+02,11700000000.0,"-3.558343280E+01
","1.547331310E+02
"
159,11500000000.0,-3.719977503E+01,-2.485975599E+00,11600000000.0,-3.656788828E+01,-1.265792879E+02,11700000000.0,"-3.786303862E+01
","1.389694646E+02
"
160,11500000000.0,-3.959695973E+01,-1.250022574E+01,11600000000.0,-3.612260645E+01,-1.362365427E+02,11700000000.0,"-3.869238234E+01
","1.296455101E+02
"
161,11500000000.0,-3.559517254E+01,9.750335774E-01,11600000000.0,-3.379058620E+01,-1.300840832E+02,11700000000.0,"-3.499671962E+01
","1.347562523E+02
"
162,11500000000.0,-3.425540761E+01,-9.498963487E+00,11600000000.0,-3.306435948E+01,-1.377964627E+02,11700000000.0,"-3.379568868E+01
","1.249093076E+02
"
163,11500000000.0,-3.336066109E+01,-1.806711505E+01,11600000000.0,-3.174825461E+01,-1.404008206E+02,11700000000.0,"-3.286466966E+01
","1.152494020E+02
"
164,11500000000.0,-3.504537494E+01,-3.037671230E+01,11600000000.0,-3.166193520E+01,-1.469032354E+02,11700000000.0,"-3.493557375E+01
","1.129415642E+02
"
165,11500000000.0,-3.703175779E+01,-1.915732787E+01,11600000000.0,-3.224138452E+01,-1.456665449E+02,11700000000.0,"-3.487605640E+01
","1.218455554E+02
"
166,11500000000.0,-6.375519181E+01,-1.127242554E+01,11600000000.0,-5.832441546E+01,-1.397058898E+02,11700000000.0,"-5.023868111E+01
","1.256322620E+02
"
167,11500000000.0,-3.461715281E+01,-8.480215820E+01,11600000000.0,-3.280206614E+01,-3.937454615E+01,11700000000.0,"-3.511857617E+01
","3.190930001E+00
"
168,11500000000.0,-3.542161097E+01,-2.614780641E+01,11600000000.0,-3.179733247E+01,-1.448656304E+02,11700000000.0,"-3.465613497E+01
","1.166226560E+02
"
169,11500000000.0,-3.545179730E+01,-9.482990950E+00,11600000000.0,-3.268349859E+01,-1.423303398E+02,11700000000.0,"-3.362666074E+01
","1.251777615E+02
"
170,11500000000.0,-3.654881889E+01,-2.585262038E+01,11600000000.0,-3.345714393E+01,-1.442741477E+02,11700000000.0,"-3.577521009E+01
","1.142487837E+02
"
171,11500000000.0,-3.578547269E+01,-3.222501241E+01,11600000000.0,-3.251434692E+01,-1.538854942E+02,11700000000.0,"-3.538623974E+01
","1.159870158E+02
"
172,11500000000.0,-3.391300172E+01,-1.652072038E+01,11600000000.0,-3.217943015E+01,-1.381432850E+02,11700000000.0,"-3.365013985E+01
","1.188025306E+02
"
173,11500000000.0,-3.531178036E+01,-1.579373592E+01,11600000000.0,-3.230956213E+01,-1.284815955E+02,11700000000.0,"-3.502005287E+01
","1.335813781E+02
"
174,11500000000.0,-3.653201955E+01,-2.430129549E+00,11600000000.0,-3.449902370E+01,-1.270784497E+02,11700000000.0,"-3.568997851E+01
","1.306744127E+02
"
175,11500000000.0,-3.949704193E+01,-1.645366340E+01,11600000000.0,-3.771204297E+01,-1.327264050E+02,11700000000.0,"-3.871200857E+01
","1.244304475E+02
"
176,11500000000.0,-3.961042333E+01,-5.035557296E+00,11600000000.0,-3.779455008E+01,-1.208590890E+02,11700000000.0,"-3.939295761E+01
","1.368921968E+02
"
177,11500000000.0,-3.862252542E+01,1.242379987E+01,11600000000.0,-3.510927392E+01,-1.135431477E+02,11700000000.0,"-3.759171018E+01
","1.560978061E+02
"
178,11500000000.0,-3.645163015E+01,-1.932211097E+00,11600000000.0,-3.514649911E+01,-1.196051838E+02,11700000000.0,"-3.650348612E+01
","1.404702013E+02
"
179,11500000000.0,-3.518946202E+01,-1.103097897E+01,11600000000.0,-3.261891704E+01,-1.250696497E+02,11700000000.0,"-3.508706401E+01
","1.335710434E+02
"
180,11500000000.0,-3.690165345E+01,-1.206673459E+01,11600000000.0,-3.458429351E+01,-1.337868008E+02,11700000000.0,"-3.594178208E+01
","1.270142753E+02
"
181,11500000000.0,-3.803972472E+01,-1.824659161E+01,11600000000.0,-3.545520503E+01,-1.343401722E+02,11700000000.0,"-3.702433124E+01
","1.232981041E+02
"
182,11500000000.0,-3.655972952E+01,-1.579346363E+01,11600000000.0,-3.353088815E+01,-1.357904738E+02,11700000000.0,"-3.549843365E+01
","1.273417341E+02
"
183,11500000000.0,-3.567207105E+01,-1.562409136E+01,11600000000.0,-3.358121915E+01,-1.344264254E+02,11700000000.0,"-3.564674457E+01
","1.276679988E+02
"
184,11500000000.0,-3.630668879E+01,5.440244967E-01,11600000000.0,-3.446814424E+01,-1.219048414E+02,11700000000.0,"-3.638006358E+01
","1.377465090E+02
"
185,11500000000.0,-3.669280518E+01,1.261197231E+00,11600000000.0,-3.503285468E+01,-1.146096802E+02,11700000000.0,"-3.730873589E+01
","1.459688774E+02
"
186,11500000000.0,-3.868230939E+01,-8.516322499E+00,11600000000.0,-3.623885044E+01,-1.293042289E+02,11700000000.0,"-3.850386113E+01
","1.364581189E+02
"
187,11500000000.0,-3.761883089E+01,-6.493263243E+00,11600000000.0,-3.566397728E+01,-1.279472709E+02,11700000000.0,"-3.706960954E+01
","1.385696159E+02
"
188,11500000000.0,-3.661418555E+01,8.259077294E-01,11600000000.0,-3.372441921E+01,-1.151483476E+02,11700000000.0,"-3.609517671E+01
","1.518774784E+02
"
189,11500000000.0,-3.655565450E+01,1.448832348E+01,11600000000.0,-3.432378591E+01,-1.018349736E+02,11700000000.0,"-3.638821057E+01
","1.632286212E+02
"
190,11500000000.0,-3.715922366E+01,9.306999003E+00,11600000000.0,-3.547497902E+01,-1.059764526E+02,11700000000.0,"-3.779192626E+01
","1.556016142E+02
"
191,11500000000.0,-4.082262530E+01,-4.621817182E+00,11600000000.0,-4.037846449E+01,-1.306497477E+02,11700000000.0,"-4.184746353E+01
","1.462774090E+02
"
192,11500000000.0,-3.900203521E+01,-1.903769219E+01,11600000000.0,-3.747713984E+01,-1.365425965E+02,11700000000.0,"-3.847255905E+01
","1.251362192E+02
"
193,11500000000.0,-3.624551994E+01,-9.878279881E+00,11600000000.0,-3.491392338E+01,-1.251093843E+02,11700000000.0,"-3.615898783E+01
","1.313806385E+02
"
194,11500000000.0,-3.468128140E+01,-1.442471433E+01,11600000000.0,-3.266147754E+01,-1.318819368E+02,11700000000.0,"-3.457131473E+01
","1.315469151E+02
"
195,11500000000.0,-3.349916122E+01,-2.020048520E+01,11600000000.0,-3.162897350E+01,-1.407028898E+02,11700000000.0,"-3.348695178E+01
","1.268045489E+02
"
196,11500000000.0,-3.496565981E+01,-2.738068182E+01,11600000000.0,-3.323024717E+01,-1.461897933E+02,11700000000.0,"-3.465511627E+01
","1.200174032E+02
"
197,11500000000.0,-3.556168771E+01,-2.226001523E+01,11600000000.0,-3.395240041E+01,-1.353628718E+02,11700000000.0,"-3.613218283E+01
","1.256254750E+02
"
198,11500000000.0,-3.447538377E+01,-7.225531422E+00,11600000000.0,-3.302980170E+01,-1.251462827E+02,11700000000.0,"-3.539530219E+01
","1.326463139E+02
"
199,11500000000.0,-3.515397650E+01,-1.994932392E+01,11600000000.0,-3.311884370E+01,-1.384460815E+02,11700000000.0,"-3.499419039E+01
","1.203062170E+02
"
200,11500000000.0,-3.519086674E+01,-2.086731389E+01,11600000000.0,-3.351621720E+01,-1.424105301E+02,11700000000.0,"-3.526087736E+01
","1.213749019E+02
"
201,11500000000.0,-3.576260784E+01,-9.398705863E+00,11600000000.0,-3.284896620E+01,-1.330237176E+02,11700000000.0,"-3.482452169E+01
","1.326010979E+02
"
202,11500000000.0,-3.632587152E+01,-2.218309849E+01,11600000000.0,-3.366113977E+01,-1.368841981E+02,11700000000.0,"-3.508642382E+01
","1.261125537E+02
"
203,11500000000.0,-3.494391916E+01,-1.900165003E+01,11600000000.0,-3.318622222E+01,-1.395136996E+02,11700000000.0,"-3.492738802E+01
","1.257001849E+02
"
204,11500000000.0,-3.453565061E+01,-1.245455270E+01,11600000000.0,-3.181483538E+01,-1.275636996E+02,11700000000.0,"-3.444906072E+01
","1.359243674E+02
"
205,11500000000.0,-3.513186072E+01,-3.165941595E+00,11600000000.0,-3.344613489E+01,-1.184440727E+02,11700000000.0,"-3.484325309E+01
","1.481895453E+02
"
206,11500000000.0,-3.741499221E+01,9.890331526E+00,11600000000.0,-3.454556824E+01,-1.152651104E+02,11700000000.0,"-3.581550114E+01
","1.534718443E+02
"
207,11500000000.0,-3.931565284E+01,-1.546181000E+00,11600000000.0,-3.733884186E+01,-1.269111996E+02,11700000000.0,"-3.891471608E+01
","1.367042440E+02
"
208,11500000000.0,-3.986804262E+01,-8.759197143E+00,11600000000.0,-3.801852515E+01,-1.300500672E+02,11700000000.0,"-3.890915252E+01
","1.276935984E+02
"
209,11500000000.0,-3.648173584E+01,-3.370357139E+00,11600000000.0,-3.448913782E+01,-1.225265707E+02,11700000000.0,"-3.572174314E+01
","1.364519808E+02
"
210,11500000000.0,-3.426385052E+01,-1.068017301E+01,11600000000.0,-3.202016865E+01,-1.223898177E+02,11700000000.0,"-3.493367699E+01
","1.341298513E+02
"
211,11500000000.0,-3.374474596E+01,-1.183904028E+01,11600000000.0,-3.185888766E+01,-1.348357244E+02,11700000000.0,"-3.336566716E+01
","1.196236602E+02
"
212,11500000000.0,-3.573292791E+01,-2.949046947E+01,11600000000.0,-3.220192543E+01,-1.503444131E+02,11700000000.0,"-3.465386111E+01
","1.139984296E+02
"
213,11500000000.0,-3.587620466E+01,-2.463728148E+01,11600000000.0,-3.341553102E+01,-1.409265856E+02,11700000000.0,"-3.491798183E+01
","1.160937642E+02
"
214,11500000000.0,-3.535118310E+01,-7.354521875E+00,11600000000.0,-3.254749943E+01,-1.362350103E+02,11700000000.0,"-3.377112677E+01
","1.289989448E+02
"
215,11500000000.0,-3.565867462E+01,-2.233160833E+01,11600000000.0,-3.219319912E+01,-1.375229745E+02,11700000000.0,"-3.516220589E+01
","1.205496364E+02
"
216,11500000000.0,-3.475325611E+01,-2.396925184E+01,11600000000.0,-3.401908524E+01,-1.384161143E+02,11700000000.0,"-3.585183377E+01
","1.076927132E+02
"
217,11500000000.0,-3.546291651E+01,-8.753882129E+00,11600000000.0,-3.297956231E+01,-1.378665212E+02,11700000000.0,"-3.441561961E+01
","1.305732360E+02
"
218,11500000000.0,-3.728523825E+01,-2.186194099E+01,11600000000.0,-3.219267901E+01,-1.366785734E+02,11700000000.0,"-3.571759688E+01
","1.298796651E+02
"
219,11500000000.0,-3.464825991E+01,-2.515589098E+01,11600000000.0,-3.264365941E+01,-1.371314744E+02,11700000000.0,"-3.524592413E+01
","1.165216566E+02
"
220,11500000000.0,-3.308037244E+01,-1.732500268E+01,11600000000.0,-3.180921406E+01,-1.427785953E+02,11700000000.0,"-3.242853994E+01
","1.184963110E+02
"
221,11500000000.0,-3.500437605E+01,-1.154537380E+01,11600000000.0,-3.298371817E+01,-1.429562728E+02,11700000000.0,"-3.393409635E+01
","1.265404919E+02
"
222,11500000000.0,-3.738057815E+01,-1.570885402E+00,11600000000.0,-3.352528777E+01,-1.302478290E+02,11700000000.0,"-3.585918156E+01
","1.308363047E+02
"
223,11500000000.0,-3.996872699E+01,-1.163291149E+01,11600000000.0,-3.501172956E+01,-1.368352561E+02,11700000000.0,"-3.851878042E+01
","1.237660648E+02
"
224,11500000000.0,-3.911231938E+01,-2.265817261E+01,11600000000.0,-3.446666461E+01,-1.348603060E+02,11700000000.0,"-3.701794949E+01
","1.176043877E+02
"
225,11500000000.0,-3.893647927E+01,3.576699117E+00,11600000000.0,-3.357757781E+01,-1.264227835E+02,11700000000.0,"-3.633679584E+01
","1.426003317E+02
"
226,11500000000.0,-3.697154345E+01,-1.979005916E+00,11600000000.0,-3.395881985E+01,-1.375141289E+02,11700000000.0,"-3.478454583E+01
","1.374726798E+02
"
227,11500000000.0,-3.590393243E+01,-3.963968754E+00,11600000000.0,-3.410379351E+01,-1.362734836E+02,11700000000.0,"-3.457847337E+01
","1.284641807E+02
"
228,11500000000.0,-3.693731076E+01,-2.742935052E+01,11600000000.0,-3.622425582E+01,-1.384147058E+02,11700000000.0,"-3.812307427E+01
","1.123713217E+02
"
229,11500000000.0,-3.667164477E+01,-1.738135716E+01,11600000000.0,-3.229485736E+01,-1.315330674E+02,11700000000.0,"-3.614084128E+01
","1.278449602E+02
"
230,11500000000.0,-3.524720048E+01,-5.065803559E+00,11600000000.0,-3.236547915E+01,-1.349231823E+02,11700000000.0,"-3.440836055E+01
","1.377764503E+02
"
231,11500000000.0,-3.423341315E+01,-3.859105091E+01,11600000000.0,-3.344813591E+01,-1.590256246E+02,11700000000.0,"-3.510631834E+01
","9.614090620E+01
"
232,11500000000.0,-3.339322745E+01,-4.409021878E+01,11600000000.0,-3.124318876E+01,-1.548609546E+02,11700000000.0,"-3.399002535E+01
","9.663612793E+01
"
233,11500000000.0,-3.427718351E+01,-1.734277455E+01,11600000000.0,-3.113486753E+01,-1.441135640E+02,11700000000.0,"-3.300888702E+01
","1.192486566E+02
"
234,11500000000.0,-3.721342232E+01,-3.100025677E+01,11600000000.0,-3.436805544E+01,-1.487481733E+02,11700000000.0,"-3.625642147E+01
","1.079306399E+02
"
235,11500000000.0,-3.775106990E+01,-4.577622902E+01,11600000000.0,-3.398337273E+01,-1.635462952E+02,11700000000.0,"-3.726288666E+01
","1.017303524E+02
"
236,11500000000.0,-3.501019998E+01,-3.641953622E+01,11600000000.0,-3.258103890E+01,-1.591868286E+02,11700000000.0,"-3.402119987E+01
","1.018950132E+02
"
237,11500000000.0,-3.591206572E+01,-4.034591820E+01,11600000000.0,-3.388145594E+01,-1.474904832E+02,11700000000.0,"-3.721358327E+01
","1.090374743E+02
"
238,11500000000.0,-3.791256260E+01,-1.855156364E+01,11600000000.0,-3.660529690E+01,-1.425764286E+02,11700000000.0,"-3.829321771E+01
","1.212448961E+02
"
239,11500000000.0,-4.206468165E+01,-2.483875163E+01,11600000000.0,-4.136282347E+01,-1.487283633E+02,11700000000.0,"-4.167405200E+01
","1.143866937E+02
"
240,11500000000.0,-3.898837682E+01,-2.077439070E+01,11600000000.0,-3.751058505E+01,-1.402691615E+02,11700000000.0,"-3.817363571E+01
","1.204484989E+02
"
241,11500000000.0,-3.518354623E+01,-3.369704752E+00,11600000000.0,-3.250782110E+01,-1.240943457E+02,11700000000.0,"-3.435812266E+01
","1.424232457E+02
"
242,11500000000.0,-3.445776294E+01,1.416716912E+00,11600000000.0,-3.267335982E+01,-1.139944774E+02,11700000000.0,"-3.378802984E+01
","1.517364385E+02
"
243,11500000000.0,-3.532640801E+01,-1.619198678E+01,11600000000.0,-3.284644311E+01,-1.301910499E+02,11700000000.0,"-3.495200235E+01
","1.338689166E+02
"
244,11500000000.0,-3.491111406E+01,-2.422313302E+01,11600000000.0,-3.281553688E+01,-1.394651207E+02,11700000000.0,"-3.476614649E+01
","1.237220208E+02
"
245,11500000000.0,-3.635527792E+01,-7.454729368E+00,11600000000.0,-3.403305542E+01,-1.242462611E+02,11700000000.0,"-3.464726255E+01
","1.382470458E+02
"
246,11500000000.0,-3.676489595E+01,3.436561567E+00,11600000000.0,-3.424631848E+01,-1.186502236E+02,11700000000.0,"-3.578168998E+01
","1.468014531E+02
"
247,11500000000.0,-3.679823035E+01,-2.578160439E+01,11600000000.0,-3.540475676E+01,-1.448043245E+02,11700000000.0,"-3.618965148E+01
","1.151606659E+02
"
248,11500000000.0,-3.546932582E+01,-3.409462153E+01,11600000000.0,-3.388263056E+01,-1.518781716E+02,11700000000.0,"-3.550147833E+01
","1.101674784E+02
"
249,11500000000.0,-3.521416439E+01,-2.860506191E+01,11600000000.0,-3.431295716E+01,-1.458872334E+02,11700000000.0,"-3.561119539E+01
","1.152206680E+02
"
250,11500000000.0,-3.667070570E+01,-4.443217027E+01,11600000000.0,-3.630085922E+01,-1.598049170E+02,11700000000.0,"-3.817090781E+01
","9.777453766E+01
"
251,11500000000.0,-3.672096492E+01,-4.099977499E+01,11600000000.0,-3.542466114E+01,-1.597017576E+02,11700000000.0,"-3.672575827E+01
","1.089371462E+02
"
252,11500000000.0,-3.449277277E+01,-2.690119307E+01,11600000000.0,-3.220422797E+01,-1.431107991E+02,11700000000.0,"-3.428360595E+01
","1.209961576E+02
"
253,11500000000.0,-3.381196859E+01,-1.436521819E+01,11600000000.0,-3.193511200E+01,-1.301740518E+02,11700000000.0,"-3.351789049E+01
","1.261337345E+02
"
254,11500000000.0,-3.453996734E+01,-2.720147069E+01,11600000000.0,-3.271673143E+01,-1.402673427E+02,11700000000.0,"-3.437863076E+01
","1.180365704E+02
"
255,11500000000.0,-4.015780115E+01,-4.994701023E+01,11600000000.0,-3.798994857E+01,-1.607034932E+02,11700000000.0,"-3.923461983E+01
","9.950726282E+01
"
256,11500000000.0,-4.151727633E+01,-3.727790240E+01,11600000000.0,-3.885127397E+01,-1.487319130E+02,11700000000.0,"-3.992491014E+01
","1.145950411E+02
"
257,11500000000.0,-3.626430992E+01,-1.853949483E+01,11600000000.0,-3.482862304E+01,-1.352211850E+02,11700000000.0,"-3.667506335E+01
","1.273956548E+02
"
258,11500000000.0,-3.407853564E+01,-1.384094694E+01,11600000000.0,-3.250728746E+01,-1.322255089E+02,11700000000.0,"-3.401480646E+01
","1.322108145E+02
"
259,11500000000.0,-3.376315814E+01,-1.753127301E+01,11600000000.0,-3.187837715E+01,-1.325549123E+02,11700000000.0,"-3.360789226E+01
","1.301186596E+02
"
260,11500000000.0,-3.581421906E+01,-2.714075729E+01,11600000000.0,-3.355829655E+01,-1.403813268E+02,11700000000.0,"-3.529878152E+01
","1.251369206E+02
"
261,11500000000.0,-3.735010250E+01,-2.221640631E+01,11600000000.0,-3.549603537E+01,-1.385979497E+02,11700000000.0,"-3.734865569E+01
","1.250567014E+02
"
262,11500000000.0,-3.626304778E+01,-1.072571618E+01,11600000000.0,-3.479806192E+01,-1.251807534E+02,11700000000.0,"-3.642358126E+01
","1.348057402E+02
"
263,11500000000.0,-3.531113638E+01,-1.581888640E+01,11600000000.0,-3.331868220E+01,-1.363698945E+02,11700000000.0,"-3.541822638E+01
","1.231643186E+02
"
264,11500000000.0,-3.429928200E+01,-2.048625765E+01,11600000000.0,-3.294434410E+01,-1.414838718E+02,11700000000.0,"-3.406883374E+01
","1.201831116E+02
"
265,11500000000.0,-3.559413021E+01,-2.213770648E+01,11600000000.0,-3.288673241E+01,-1.442488851E+02,11700000000.0,"-3.481308964E+01
","1.244489704E+02
"
266,11500000000.0,-3.589504059E+01,-3.480050988E+01,11600000000.0,-3.314619579E+01,-1.471038084E+02,11700000000.0,"-3.449992363E+01
","1.156470287E+02
"
267,11500000000.0,-3.326457524E+01,-2.368042574E+01,11600000000.0,-3.186107229E+01,-1.411317182E+02,11700000000.0,"-3.371703252E+01
","1.204670861E+02
"
268,11500000000.0,-3.373732200E+01,-1.559009226E+01,11600000000.0,-3.149973066E+01,-1.327155987E+02,11700000000.0,"-3.334490209E+01
","1.305935301E+02
"
269,11500000000.0,-3.554388585E+01,-4.044436770E+00,11600000000.0,-3.389837249E+01,-1.220795208E+02,11700000000.0,"-3.487166977E+01
","1.472574668E+02
"
270,11500000000.0,-3.754939931E+01,5.669203000E+00,11600000000.0,-3.465756819E+01,-1.144698621E+02,11700000000.0,"-3.720300578E+01
","1.492284776E+02
"
271,11500000000.0,-4.045074195E+01,-7.149309631E+00,11600000000.0,-4.004650208E+01,-1.319272810E+02,11700000000.0,"-4.018051855E+01
","1.307295905E+02
"
272,11500000000.0,-4.060641179E+01,-2.056061434E+01,11600000000.0,-3.850977410E+01,-1.333266777E+02,11700000000.0,"-3.952899842E+01
","1.166467756E+02
"
273,11500000000.0,-3.621140267E+01,-8.259879775E+00,11600000000.0,-3.429660515E+01,-1.235965496E+02,11700000000.0,"-3.621827750E+01
","1.381844332E+02
"
274,11500000000.0,-3.472657830E+01,-1.376038689E+01,11600000000.0,-3.316779509E+01,-1.226756199E+02,11700000000.0,"-3.553396980E+01
","1.357928379E+02
"
275,11500000000.0,-3.431797282E+01,-1.503449984E+01,11600000000.0,-3.236936237E+01,-1.360530109E+02,11700000000.0,"-3.361005873E+01
","1.195764965E+02
"
276,11500000000.0,-3.547400969E+01,-3.222339722E+01,11600000000.0,-3.221319630E+01,-1.475915939E+02,11700000000.0,"-3.518688514E+01
","1.144078055E+02
"
277,11500000000.0,-3.600299508E+01,-1.968259200E+01,11600000000.0,-3.323867102E+01,-1.378801928E+02,11700000000.0,"-3.424887998E+01
","1.193624641E+02
"
278,11500000000.0,-3.545992789E+01,2.208657009E+00,11600000000.0,-3.246325355E+01,-1.261642542E+02,11700000000.0,"-3.370613873E+01
","1.383034491E+02
"
279,11500000000.0,-3.486267216E+01,-1.606223842E+01,11600000000.0,-3.292700831E+01,-1.237138430E+02,11700000000.0,"-3.607190634E+01
","1.252067369E+02
"
280,11500000000.0,-3.513603989E+01,-7.887604825E+00,11600000000.0,-3.535097535E+01,-1.206332601E+02,11700000000.0,"-3.664530217E+01
","1.281958874E+02
"
281,11500000000.0,-3.706375208E+01,1.110600471E+01,11600000000.0,-3.509408655E+01,-1.188161031E+02,11700000000.0,"-3.680926581E+01
","1.515816776E+02
"
282,11500000000.0,-3.803170914E+01,-1.004652681E+01,11600000000.0,-3.449904496E+01,-1.183071789E+02,11700000000.0,"-3.951013464E+01
","1.320192016E+02
"
283,11500000000.0,-3.457172431E+01,-1.661058606E+01,11600000000.0,-3.378172712E+01,-1.241624400E+02,11700000000.0,"-3.479871596E+01
","1.260456153E+02
"
284,11500000000.0,-3.357825564E+01,-7.879094538E+00,11600000000.0,-3.126480167E+01,-1.318430040E+02,11700000000.0,"-3.172515859E+01
","1.346509528E+02
"
285,11500000000.0,-3.624120757E+01,-9.170492662E+00,11600000000.0,-3.181184102E+01,-1.334883203E+02,11700000000.0,"-3.325279589E+01
","1.415072096E+02
"
286,11500000000.0,-3.952985942E+01,-3.476720114E+00,11600000000.0,-3.278474916E+01,-1.239732212E+02,11700000000.0,"-3.556045591E+01
","1.400232981E+02
"
287,11500000000.0,-4.099007290E+01,-1.843895173E+01,11600000000.0,-3.602531090E+01,-1.230989215E+02,11700000000.0,"-3.772410613E+01
","1.255307478E+02
"
288,11500000000.0,-4.081022579E+01,-1.740428774E+01,11600000000.0,-3.548158545E+01,-1.294794818E+02,11700000000.0,"-3.737742316E+01
","1.225858212E+02
"
289,11500000000.0,-4.035356700E+01,-6.382907610E+00,11600000000.0,-3.380681644E+01,-1.247258659E+02,11700000000.0,"-3.632759552E+01
","1.410568308E+02
"
290,11500000000.0,-3.667706031E+01,-1.227167471E+01,11600000000.0,-3.185697772E+01,-1.386327413E+02,11700000000.0,"-3.404762884E+01
","1.404914539E+02
"
291,11500000000.0,-3.494895156E+01,-1.605983916E+00,11600000000.0,-3.230332242E+01,-1.332116416E+02,11700000000.0,"-3.262099827E+01
","1.382154958E+02
"
292,11500000000.0,-3.457551743E+01,-2.170251224E+01,11600000000.0,-3.413309004E+01,-1.337031832E+02,11700000000.0,"-3.531984484E+01
","1.215361856E+02
"
293,11500000000.0,-3.609068718E+01,-1.311952758E+01,11600000000.0,-3.247088759E+01,-1.222061958E+02,11700000000.0,"-3.699625266E+01
","1.338887030E+02
"
294,11500000000.0,-3.759955302E+01,1.296830010E+01,11600000000.0,-3.518603940E+01,-1.190566115E+02,11700000000.0,"-3.743241159E+01
","1.532388066E+02
"
295,11500000000.0,-3.542966878E+01,-1.939845398E+01,11600000000.0,-3.636712956E+01,-1.369653717E+02,11700000000.0,"-3.691430894E+01
","1.122913612E+02
"
296,11500000000.0,-3.347940017E+01,-2.222617720E+01,11600000000.0,-3.222674858E+01,-1.277532819E+02,11700000000.0,"-3.536345726E+01
","1.213404033E+02
"
297,11500000000.0,-3.470155016E+01,4.778680641E+00,11600000000.0,-3.268347475E+01,-1.180232950E+02,11700000000.0,"-3.417459022E+01
","1.503284145E+02
"
298,11500000000.0,-3.854020513E+01,-3.382119737E+00,11600000000.0,-3.557005446E+01,-1.177596500E+02,11700000000.0,"-3.711239644E+01
","1.404607875E+02
"
299,11500000000.0,-3.900137391E+01,-2.934082612E+01,11600000000.0,-3.559867588E+01,-1.394570091E+02,11700000000.0,"-3.861869037E+01
","1.254380944E+02
"
300,11500000000.0,-3.663164475E+01,-1.312504497E+01,11600000000.0,-3.575781467E+01,-1.321453798E+02,11700000000.0,"-3.640747019E+01
","1.259797167E+02
"
301,11500000000.0,-3.799676404E+01,-1.079239157E+01,11600000000.0,-3.599299508E+01,-1.172005943E+02,11700000000.0,"-3.909963731E+01
","1.428775249E+02
"
302,11500000000.0,-3.920628081E+01,5.299703020E+00,11600000000.0,-3.781381086E+01,-1.158422117E+02,11700000000.0,"-3.939919719E+01
","1.511346749E+02
"
303,11500000000.0,-4.290419443E+01,6.949521404E-01,11600000000.0,-4.212327462E+01,-1.087891858E+02,11700000000.0,"-4.237252858E+01
","1.545914808E+02
"
304,11500000000.0,-3.932606005E+01,-6.464028961E+00,11600000000.0,-3.804936906E+01,-1.211595059E+02,11700000000.0,"-3.824790643E+01
","1.418186418E+02
"
305,11500000000.0,-3.775493213E+01,6.734126309E+00,11600000000.0,-3.447163113E+01,-1.137779453E+02,11700000000.0,"-3.633807059E+01
","1.541024383E+02
"
306,11500000000.0,-3.561760378E+01,-2.348075649E+00,11600000000.0,-3.354299044E+01,-1.221693791E+02,11700000000.0,"-3.486087576E+01
","1.495268960E+02
"
307,11500000000.0,-3.433769641E+01,-5.864652682E+01,11600000000.0,-3.215540613E+01,-1.549187040E+02,11700000000.0,"-3.401268469E+01
","1.652926965E+02
"
308,11500000000.0,-3.592612136E+01,-1.742355831E+01,11600000000.0,-3.419072531E+01,-1.331800022E+02,11700000000.0,"-3.573987087E+01
","1.255012635E+02
"
309,11500000000.0,-3.698477845E+01,-1.769979269E+01,11600000000.0,-3.474957659E+01,-1.285669714E+02,11700000000.0,"-3.608791728E+01
","1.311403436E+02
"
310,11500000000.0,-3.616318362E+01,-8.538920161E+00,11600000000.0,-3.385752282E+01,-1.282488001E+02,11700000000.0,"-3.535045675E+01
","1.403406993E+02
"
311,11500000000.0,-3.627596412E+01,-2.118311632E+01,11600000000.0,-3.454131678E+01,-1.387884515E+02,11700000000.0,"-3.527817694E+01
","1.215704503E+02
"
312,11500000000.0,-3.510052017E+01,-2.059790950E+01,11600000000.0,-3.322091966E+01,-1.393347379E+02,11700000000.0,"-3.509659270E+01
","1.208745616E+02
"
313,11500000000.0,-3.455417951E+01,-9.124962413E+00,11600000000.0,-3.306664473E+01,-1.269927432E+02,11700000000.0,"-3.493981605E+01
","1.330377449E+02
"
314,11500000000.0,-3.639113749E+01,-2.049941929E+01,11600000000.0,-3.410925045E+01,-1.376666944E+02,11700000000.0,"-3.654061152E+01
","1.269090878E+02
"
315,11500000000.0,-3.564078813E+01,-2.722559359E+01,11600000000.0,-3.346346685E+01,-1.445839340E+02,11700000000.0,"-3.550017682E+01
","1.208688713E+02
"
316,11500000000.0,-3.402817076E+01,-2.405823212E+01,11600000000.0,-3.223029882E+01,-1.366305358E+02,11700000000.0,"-3.475314447E+01
","1.210515582E+02
"
317,11500000000.0,-3.523864146E+01,-1.016830081E+01,11600000000.0,-3.333102503E+01,-1.291047065E+02,11700000000.0,"-3.516204695E+01
","1.321772350E+02
"
318,11500000000.0,-3.689531122E+01,-5.773120333E+00,11600000000.0,-3.433779742E+01,-1.265265542E+02,11700000000.0,"-3.647219733E+01
","1.318654031E+02
"
319,11500000000.0,-3.962410189E+01,-1.847012109E+01,11600000000.0,-3.724575356E+01,-1.391621122E+02,11700000000.0,"-3.880937353E+01
","1.261046094E+02
"
320,11500000000.0,-4.002393372E+01,-1.811841650E+01,11600000000.0,-3.745120330E+01,-1.408222813E+02,11700000000.0,"-3.869271420E+01
","1.242967404E+02
"
321,11500000000.0,-3.737428389E+01,-9.821140373E+00,11600000000.0,-3.538944576E+01,-1.324264729E+02,11700000000.0,"-3.692322083E+01
","1.347726745E+02
"
322,11500000000.0,-3.578787064E+01,-1.651968193E+01,11600000000.0,-3.420612817E+01,-1.348226856E+02,11700000000.0,"-3.568143393E+01
","1.279412304E+02
"
323,11500000000.0,-3.501178329E+01,-2.823698118E+01,11600000000.0,-3.279152249E+01,-1.450628781E+02,11700000000.0,"-3.556375690E+01
","1.165824628E+02
"
324,11500000000.0,-3.616123788E+01,-3.059761166E+01,11600000000.0,-3.343502913E+01,-1.493060770E+02,11700000000.0,"-3.562994041E+01
","1.160433783E+02
"
325,11500000000.0,-3.608907099E+01,-2.203697673E+01,11600000000.0,-3.377231803E+01,-1.389993557E+02,11700000000.0,"-3.616040276E+01
","1.210465629E+02
"
326,11500000000.0,-3.450708876E+01,-1.641481663E+01,11600000000.0,-3.286516284E+01,-1.317199369E+02,11700000000.0,"-3.453740932E+01
","1.237416386E+02
"
327,11500000000.0,-3.514544843E+01,-2.801194691E+01,11600000000.0,-3.278528918E+01,-1.476397548E+02,11700000000.0,"-3.449667667E+01
","1.142934291E+02
"
328,11500000000.0,-3.570043973E+01,-3.021312015E+01,11600000000.0,-3.359859166E+01,-1.481896696E+02,11700000000.0,"-3.555255038E+01
","1.142503115E+02
"
329,11500000000.0,-3.574846410E+01,-1.697673634E+01,11600000000.0,-3.324564978E+01,-1.352455090E+02,11700000000.0,"-3.495916829E+01
","1.303974516E+02
"
330,11500000000.0,-3.629051166E+01,-1.765943483E+01,11600000000.0,-3.416587187E+01,-1.327438355E+02,11700000000.0,"-3.556931844E+01
","1.256583318E+02
"
331,11500000000.0,-3.593269258E+01,-1.245865483E+01,11600000000.0,-3.414613037E+01,-1.306018193E+02,11700000000.0,"-3.542783321E+01
","1.304356758E+02
"
332,11500000000.0,-3.616944312E+01,-5.074521633E+00,11600000000.0,-3.320349560E+01,-1.217599307E+02,11700000000.0,"-3.506600368E+01
","1.394244622E+02
"
333,11500000000.0,-3.749766772E+01,9.699228114E+00,11600000000.0,-3.559761201E+01,-1.161137958E+02,11700000000.0,"-3.574005944E+01
","1.509315072E+02
"
334,11500000000.0,-3.878682888E+01,1.558882871E+01,11600000000.0,-3.593683587E+01,-1.099939538E+02,11700000000.0,"-3.775604329E+01
","1.591148306E+02
"
335,11500000000.0,-4.040517305E+01,9.493462398E-01,11600000000.0,-3.900776444E+01,-1.092223472E+02,11700000000.0,"-3.945511610E+01
","1.427241533E+02
"
336,11500000000.0,-4.257644386E+01,-2.644155817E+01,11600000000.0,-4.116946621E+01,-1.409643337E+02,11700000000.0,"-4.202008459E+01
","1.157596934E+02
"
337,11500000000.0,-3.829736746E+01,-1.085022823E+01,11600000000.0,-3.677945378E+01,-1.307324707E+02,11700000000.0,"-3.927843771E+01
","1.285859436E+02
"
338,11500000000.0,-3.646384302E+01,-1.818134331E+01,11600000000.0,-3.446680456E+01,-1.262348428E+02,11700000000.0,"-3.824411455E+01
","1.284803792E+02
"
339,11500000000.0,-3.599959864E+01,-1.416683299E+01,11600000000.0,-3.394866499E+01,-1.336133748E+02,11700000000.0,"-3.604590439E+01
","1.225565706E+02
"
340,11500000000.0,-3.741947756E+01,-2.274405556E+01,11600000000.0,-3.412727087E+01,-1.414415316E+02,11700000000.0,"-3.716113732E+01
","1.308790041E+02
"
341,11500000000.0,-3.621411407E+01,-1.942031956E+01,11600000000.0,-3.353618583E+01,-1.332290763E+02,11700000000.0,"-3.525289957E+01
","1.255783339E+02
"
342,11500000000.0,-3.529612399E+01,-1.462763758E+01,11600000000.0,-3.257373550E+01,-1.360733724E+02,11700000000.0,"-3.504348265E+01
","1.273761728E+02
"
343,11500000000.0,-3.555033463E+01,-3.108785127E+01,11600000000.0,-3.383614581E+01,-1.378636199E+02,11700000000.0,"-3.744037769E+01
","1.074989790E+02
"
344,11500000000.0,-3.391884899E+01,-1.136653081E+01,11600000000.0,-3.504429592E+01,-1.290506327E+02,11700000000.0,"-3.635775599E+01
","1.159599497E+02
"
345,11500000000.0,-3.517050232E+01,-4.442695025E+00,11600000000.0,-3.361644210E+01,-1.358167124E+02,11700000000.0,"-3.524714537E+01
","1.325392611E+02
"
346,11500000000.0,-3.806045602E+01,-2.955246936E+01,11600000000.0,-3.366441024E+01,-1.354123794E+02,11700000000.0,"-3.813033772E+01
","1.203109303E+02
"
347,11500000000.0,-3.479133791E+01,-2.096324460E+01,11600000000.0,-3.361116916E+01,-1.348675981E+02,11700000000.0,"-3.571329329E+01
","1.212642680E+02
"
348,11500000000.0,-3.448693104E+01,-1.338098632E+01,11600000000.0,-3.256146042E+01,-1.426511526E+02,11700000000.0,"-3.328971955E+01
","1.282957855E+02
"
349,11500000000.0,-3.789294430E+01,2.048739620E-01,11600000000.0,-3.397089037E+01,-1.375219699E+02,11700000000.0,"-3.516663524E+01
","1.423700338E+02
"
350,11500000000.0,-3.854069090E+01,2.439306767E+00,11600000000.0,-3.448019261E+01,-1.249623240E+02,11700000000.0,"-3.621599083E+01
","1.359743783E+02
"
351,11500000000.0,-4.073695288E+01,-1.739078113E+01,11600000000.0,-3.829305744E+01,-1.260201293E+02,11700000000.0,"-3.861987068E+01
","1.189010449E+02
"
352,11500000000.0,-3.988005371E+01,-1.215129320E+01,11600000000.0,-3.767040043E+01,-1.231465520E+02,11700000000.0,"-3.922497780E+01
","1.212990712E+02
"
353,11500000000.0,-3.796545067E+01,7.676716494E+00,11600000000.0,-3.554216610E+01,-1.186770292E+02,11700000000.0,"-3.696338618E+01
","1.366210033E+02
"
354,11500000000.0,-3.646856259E+01,7.850251853E+00,11600000000.0,-3.484937487E+01,-1.314193295E+02,11700000000.0,"-3.504262591E+01
","1.413670729E+02
"
355,11500000000.0,-3.443164706E+01,-2.682448692E+00,11600000000.0,-3.374587711E+01,-1.305420835E+02,11700000000.0,"-3.376784134E+01
","1.337654545E+02
"
356,11500000000.0,-3.570545107E+01,-1.996522948E+01,11600000000.0,-3.369267801E+01,-1.273832093E+02,11700000000.0,"-3.654334244E+01
","1.295198264E+02
"
357,11500000000.0,-3.863339471E+01,-1.226069985E+01,11600000000.0,-3.306001190E+01,-1.293600948E+02,11700000000.0,"-3.699517359E+01
","1.418011469E+02
"
358,11500000000.0,-3.581227549E+01,3.671899338E+00,11600000000.0,-3.465972026E+01,-1.307352959E+02,11700000000.0,"-3.508890711E+01
","1.398871549E+02
"
359,11500000000.0,-3.506919222E+01,-1.636094244E+01,11600000000.0,-3.550079733E+01,-1.276990615E+02,11700000000.0,"-3.661245273E+01
","1.165696659E+02
"
360,11500000000.0,-3.597570380E+01,-2.228465712E+01,11600000000.0,-3.365168540E+01,-1.327163318E+02,11700000000.0,"-3.778644870E+01
","1.217383244E+02
"
361,11500000000.0,-3.643201656E+01,-8.235847698E+00,11600000000.0,-3.377067521E+01,-1.344522172E+02,11700000000.0,"-3.600175793E+01
","1.380643452E+02
"
362,11500000000.0,-3.715762997E+01,-2.186616019E+01,11600000000.0,-3.441851229E+01,-1.382055472E+02,11700000000.0,"-3.683861237E+01
","1.217088086E+02
"
363,11500000000.0,-3.634304028E+01,-2.338219045E+01,11600000000.0,-3.354359705E+01,-1.464273085E+02,11700000000.0,"-3.585515570E+01
","1.265582191E+02
"
364,11500000000.0,-3.452129152E+01,-1.315938575E+01,11600000000.0,-3.328703081E+01,-1.325294941E+02,11700000000.0,"-3.467800369E+01
","1.274340195E+02
"
365,11500000000.0,-3.585557957E+01,-1.389031140E+01,11600000000.0,-3.366878490E+01,-1.193514594E+02,11700000000.0,"-3.699115576E+01
","1.453771377E+02
"
366,11500000000.0,-3.717793369E+01,4.877710350E-01,11600000000.0,-3.563446877E+01,-1.178530972E+02,11700000000.0,"-3.731336556E+01
","1.450622245E+02
"
367,11500000000.0,-4.035266142E+01,-1.161197525E+01,11600000000.0,-3.882815690E+01,-1.272647102E+02,11700000000.0,"-4.110410854E+01
","1.377029895E+02
"
368,11500000000.0,-4.020815851E+01,-8.370550073E+00,11600000000.0,-3.980443747E+01,-1.255472707E+02,11700000000.0,"-3.973198037E+01
","1.315226237E+02
"
369,11500000000.0,-3.839977626E+01,-1.980194424E+00,11600000000.0,-3.588143486E+01,-1.219817325E+02,11700000000.0,"-3.739037741E+01
","1.422227102E+02
"
370,11500000000.0,-3.658099031E+01,-1.018641054E+01,11600000000.0,-3.469526829E+01,-1.292983338E+02,11700000000.0,"-3.529244779E+01
","1.356563303E+02
"
371,11500000000.0,-3.496397992E+01,-1.819074687E+01,11600000000.0,-3.263691433E+01,-1.313570288E+02,11700000000.0,"-3.524779191E+01
","1.278465099E+02
"
372,11500000000.0,-3.559652285E+01,-2.175672921E+01,11600000000.0,-3.399845223E+01,-1.411247485E+02,11700000000.0,"-3.594011877E+01
","1.213598399E+02
"
373,11500000000.0,-3.760791693E+01,-2.401071511E+01,11600000000.0,-3.487786792E+01,-1.368644606E+02,11700000000.0,"-3.623620935E+01
","1.251047201E+02
"
374,11500000000.0,-3.730297997E+01,-2.096771615E+01,11600000000.0,-3.422191184E+01,-1.410508452E+02,11700000000.0,"-3.635077084E+01
","1.264219332E+02
"
375,11500000000.0,-3.624215464E+01,-2.733447194E+01,11600000000.0,-3.412810125E+01,-1.458716160E+02,11700000000.0,"-3.594771121E+01
","1.165786930E+02
"
376,11500000000.0,-3.661451065E+01,-1.918944862E+01,11600000000.0,-3.416361726E+01,-1.417377492E+02,11700000000.0,"-3.650843121E+01
","1.236511974E+02
"
377,11500000000.0,-3.619394315E+01,-1.459904177E+01,11600000000.0,-3.425963492E+01,-1.324890261E+02,11700000000.0,"-3.664224912E+01
","1.272942274E+02
"
378,11500000000.0,-3.605111470E+01,-3.064533639E+01,11600000000.0,-3.375165405E+01,-1.493612436E+02,11700000000.0,"-3.657936767E+01
","1.145236921E+02
"
379,11500000000.0,-3.535321279E+01,-3.013452272E+01,11600000000.0,-3.305928393E+01,-1.488718628E+02,11700000000.0,"-3.506121870E+01
","1.195721081E+02
"
380,11500000000.0,-3.490275592E+01,-2.014705776E+01,11600000000.0,-3.273628501E+01,-1.381561303E+02,11700000000.0,"-3.479885341E+01
","1.256749071E+02
"
381,11500000000.0,-3.627476398E+01,-8.629251910E+00,11600000000.0,-3.438034176E+01,-1.257261918E+02,11700000000.0,"-3.683038890E+01
","1.338727372E+02
"
382,11500000000.0,-3.947802395E+01,-5.398819867E+00,11600000000.0,-3.731968968E+01,-1.269646459E+02,11700000000.0,"-3.894349672E+01
","1.397756157E+02
"
383,11500000000.0,-4.471923078E+01,-9.318051550E+00,11600000000.0,-4.202744086E+01,-1.344581920E+02,11700000000.0,"-4.294573226E+01
","1.339180571E+02
"
384,11500000000.0,-4.255837768E+01,-7.953563137E+00,11600000000.0,-4.027551212E+01,-1.318049090E+02,11700000000.0,"-4.166140837E+01
","1.354907334E+02
"
385,11500000000.0,-3.842390287E+01,-7.532306299E+00,11600000000.0,-3.660269902E+01,-1.275892043E+02,11700000000.0,"-3.872056055E+01
","1.386850626E+02
"
386,11500000000.0,-3.537107184E+01,-1.635994776E+01,11600000000.0,-3.385424492E+01,-1.338334375E+02,11700000000.0,"-3.580130961E+01
","1.288138547E+02
"
387,11500000000.0,-3.324189240E+01,-2.621179285E+01,11600000000.0,-3.156556288E+01,-1.439612481E+02,11700000000.0,"-3.393501252E+01
","1.213772838E+02
"
388,11500000000.0,-3.382965035E+01,-3.170885641E+01,11600000000.0,-3.203266293E+01,-1.473612549E+02,11700000000.0,"-3.418220560E+01
","1.195699469E+02
"
389,11500000000.0,-3.544021641E+01,-2.474892709E+01,11600000000.0,-3.345847183E+01,-1.412192382E+02,11700000000.0,"-3.596961351E+01
","1.196865127E+02
"
390,11500000000.0,-3.647883758E+01,-5.187114965E+00,11600000000.0,-3.460449184E+01,-1.210125923E+02,11700000000.0,"-3.710967639E+01
","1.377313221E+02
"
391,11500000000.0,-3.806322802E+01,-1.037017179E+01,11600000000.0,-3.582677560E+01,-1.332538556E+02,11700000000.0,"-3.870079027E+01
","1.343681645E+02
"
392,11500000000.0,-3.765091524E+01,-2.350038599E+01,11600000000.0,-3.552633268E+01,-1.381590679E+02,11700000000.0,"-3.782538523E+01
","1.250362456E+02
"
393,11500000000.0,-3.759018538E+01,-5.021280010E+00,11600000000.0,-3.471371887E+01,-1.289174922E+02,11700000000.0,"-3.628410673E+01
","1.417066263E+02
"
394,11500000000.0,-3.847700741E+01,-1.273706149E+01,11600000000.0,-3.482618132E+01,-1.238041952E+02,11700000000.0,"-3.718178889E+01
","1.405577722E+02
"
395,11500000000.0,-3.677224641E+01,-2.207599504E+01,11600000000.0,-3.455004903E+01,-1.376876484E+02,11700000000.0,"-3.674218955E+01
","1.242786043E+02
"
396,11500000000.0,-3.566026046E+01,-1.708872180E+01,11600000000.0,-3.321347049E+01,-1.319187099E+02,11700000000.0,"-3.528716048E+01
","1.315597986E+02
"
397,11500000000.0,-3.639505453E+01,-5.710702684E+00,11600000000.0,-3.454934337E+01,-1.244165661E+02,11700000000.0,"-3.541848627E+01
","1.369253802E+02
"
398,11500000000.0,-3.850094773E+01,-3.368669606E+00,11600000000.0,-3.602079520E+01,-1.221600234E+02,11700000000.0,"-3.706295756E+01
","1.448073240E+02
"
399,11500000000.0,-4.015836845E+01,-3.725801662E+00,11600000000.0,-3.917776602E+01,-1.170619647E+02,11700000000.0,"-3.951180129E+01
","1.374631518E+02
"
400,11500000000.0,-3.923058180E+01,-8.349671671E+00,11600000000.0,-3.788572788E+01,-1.286661740E+02,11700000000.0,"-3.997159785E+01
","1.316727494E+02
"
401,11500000000.0,-3.629484528E+01,1.444958282E+00,11600000000.0,-3.565583637E+01,-1.170967089E+02,11700000000.0,"-3.689100215E+01
","1.424196894E+02
"
402,11500000000.0,-3.604383512E+01,-9.091928735E+00,11600000000.0,-3.323004125E+01,-1.205225654E+02,11700000000.0,"-3.624760935E+01
","1.497721858E+02
"
403,11500000000.0,-3.530817669E+01,-1.127315108E+01,11600000000.0,-3.362140390E+01,-1.269953656E+02,11700000000.0,"-3.576029339E+01
","1.330306626E+02
"
404,11500000000.0,-3.873604364E+01,-2.106918654E+01,11600000000.0,-3.505667421E+01,-1.450144254E+02,11700000000.0,"-3.758864882E+01
","1.289212705E+02
"
405,11500000000.0,-3.864041784E+01,-1.832689183E+01,11600000000.0,-3.483351896E+01,-1.337553854E+02,11700000000.0,"-3.733642956E+01
","1.291230426E+02
"
406,11500000000.0,-3.549610498E+01,-4.551955852E+00,11600000000.0,-3.366128948E+01,-1.283636290E+02,11700000000.0,"-3.485017100E+01
","1.365066590E+02
"
407,11500000000.0,-3.557230928E+01,-1.965817290E+01,11600000000.0,-3.248202428E+01,-1.357195619E+02,11700000000.0,"-3.578592852E+01
","1.251519963E+02
"
408,11500000000.0,-3.472653446E+01,-2.518967774E+01,11600000000.0,-3.374859802E+01,-1.329651166E+02,11700000000.0,"-3.535885428E+01
","1.150057853E+02
"
409,11500000000.0,-3.476066605E+01,-1.156855444E+01,11600000000.0,-3.411601024E+01,-1.390387720E+02,11700000000.0,"-3.424846964E+01
","1.317950462E+02
"
410,11500000000.0,-3.758576840E+01,-2.019947704E+01,11600000000.0,-3.250394583E+01,-1.426561324E+02,11700000000.0,"-3.572745211E+01
","1.350218035E+02
"
411,11500000000.0,-3.528201611E+01,-2.706347160E+01,11600000000.0,-3.222074131E+01,-1.342756684E+02,11700000000.0,"-3.568649966E+01
","1.258705885E+02
"
412,11500000000.0,-3.282229843E+01,-1.363205208E+01,11600000000.0,-3.244848328E+01,-1.330837822E+02,11700000000.0,"-3.290529525E+01
","1.256674359E+02
"
413,11500000000.0,-3.452991355E+01,-3.416068434E+00,11600000000.0,-3.486776893E+01,-1.326867887E+02,11700000000.0,"-3.416718080E+01
","1.371988585E+02
"
414,11500000000.0,-3.679249225E+01,1.201125396E+01,11600000000.0,-3.487963364E+01,-1.199515481E+02,11700000000.0,"-3.652840785E+01
","1.395073222E+02
"
415,11500000000.0,-3.982304193E+01,-8.176436359E+00,11600000000.0,-3.686601039E+01,-1.238499056E+02,11700000000.0,"-3.959672471E+01
","1.268361956E+02
"
416,11500000000.0,-3.904333915E+01,-3.217122996E+00,11600000000.0,-3.633546747E+01,-1.332944307E+02,11700000000.0,"-3.798213270E+01
","1.293306283E+02
"
417,11500000000.0,-3.497102284E+01,6.140345504E+00,11600000000.0,-3.378717304E+01,-1.203209187E+02,11700000000.0,"-3.479477874E+01
","1.362333506E+02
"
418,11500000000.0,-3.371591296E+01,-4.959672801E+00,11600000000.0,-3.356453986E+01,-1.208589456E+02,11700000000.0,"-3.383606982E+01
","1.327293560E+02
"
419,11500000000.0,-3.306768643E+01,-1.516188440E+01,11600000000.0,-3.160226494E+01,-1.331567743E+02,11700000000.0,"-3.303331451E+01
","1.208073111E+02
"
420,11500000000.0,-3.551598617E+01,-3.069245430E+01,11600000000.0,-3.170710601E+01,-1.451232358E+02,11700000000.0,"-3.540974792E+01
","1.225445893E+02
"
421,11500000000.0,-3.736779188E+01,-2.032637533E+01,11600000000.0,-3.333283324E+01,-1.532014315E+02,11700000000.0,"-3.518173520E+01
","1.236987613E+02
"
422,11500000000.0,-3.600054927E+01,5.662231653E+01,11600000000.0,-3.517292201E+01,7.080362952E+01,11700000000.0,"-3.505366083E+01
","8.864795027E+01
"
423,11500000000.0,-3.506684460E+01,-2.606738079E+01,11600000000.0,-3.259782083E+01,-1.383287736E+02,11700000000.0,"-3.602279274E+01
","1.123806195E+02
"
424,11500000000.0,-3.418818063E+01,-2.616712206E+01,11600000000.0,-3.161411669E+01,-1.492975764E+02,11700000000.0,"-3.438378073E+01
","1.134710582E+02
"
425,11500000000.0,-3.461410733E+01,-2.607273801E+01,11600000000.0,-3.249663197E+01,-1.510149259E+02,11700000000.0,"-3.340101392E+01
","1.129027457E+02
"
426,11500000000.0,-3.613011154E+01,-3.539476952E+01,11600000000.0,-3.278033067E+01,-1.545482008E+02,11700000000.0,"-3.416933550E+01
","1.084479099E+02
"
427,11500000000.0,-3.458383821E+01,-3.052865389E+01,11600000000.0,-3.227713487E+01,-1.535209555E+02,11700000000.0,"-3.408853916E+01
","1.114299216E+02
"
428,11500000000.0,-3.336467725E+01,-2.488446266E+01,11600000000.0,-3.102905685E+01,-1.378051873E+02,11700000000.0,"-3.374004700E+01
","1.183363459E+02
"
429,11500000000.0,-3.621667495E+01,-1.677858404E+01,11600000000.0,-3.263801999E+01,-1.340035416E+02,11700000000.0,"-3.537260079E+01
","1.373146350E+02
"
430,11500000000.0,-3.697308908E+01,-7.819209386E+00,11600000000.0,-3.575007395E+01,-1.288963918E+02,11700000000.0,"-3.667136180E+01
","1.262526882E+02
"
431,11500000000.0,-4.070741169E+01,-1.575916828E+01,11600000000.0,-3.874705708E+01,-1.398293804E+02,11700000000.0,"-4.132803491E+01
","1.129454236E+02
"
432,11500000000.0,-4.007346868E+01,-1.673441935E+01,11600000000.0,-3.770321450E+01,-1.335728224E+02,11700000000.0,"-3.907729383E+01
","1.236763648E+02
"
433,11500000000.0,-3.818854564E+01,-1.799617875E+00,11600000000.0,-3.531643660E+01,-1.282199200E+02,11700000000.0,"-3.652552496E+01
","1.369765399E+02
"
434,11500000000.0,-3.663118532E+01,-1.303959020E+01,11600000000.0,-3.468908287E+01,-1.309635796E+02,11700000000.0,"-3.600409845E+01
","1.290091222E+02
"
435,11500000000.0,-3.565034259E+01,-2.109403563E+01,11600000000.0,-3.343975634E+01,-1.416974550E+02,11700000000.0,"-3.574154981E+01
","1.175393124E+02
"
436,11500000000.0,-3.584921204E+01,-3.199145560E+01,11600000000.0,-3.424741652E+01,-1.484388686E+02,11700000000.0,"-3.607447089E+01
","1.117242812E+02
"
437,11500000000.0,-3.705765116E+01,-3.357395326E+01,11600000000.0,-3.370002781E+01,-1.471244852E+02,11700000000.0,"-3.646848225E+01
","1.151556880E+02
"
438,11500000000.0,-3.587694022E+01,-3.086894726E+01,11600000000.0,-3.309793550E+01,-1.519299205E+02,11700000000.0,"-3.492523916E+01
","1.136945125E+02
"
439,11500000000.0,-3.524926607E+01,-4.022548136E+01,11600000000.0,-3.359092000E+01,-1.619746968E+02,11700000000.0,"-3.567794155E+01
","9.873218481E+01
"
440,11500000000.0,-3.580654346E+01,-3.160133154E+01,11600000000.0,-3.346062801E+01,-1.540691808E+02,11700000000.0,"-3.573430478E+01
","1.082378553E+02
"
441,11500000000.0,-3.502660070E+01,-2.263483778E+01,11600000000.0,-3.305209796E+01,-1.427116473E+02,11700000000.0,"-3.534790485E+01
","1.172575023E+02
"
442,11500000000.0,-3.620986406E+01,-3.626515734E+01,11600000000.0,-3.357353708E+01,-1.576750002E+02,11700000000.0,"-3.599912696E+01
","1.068312970E+02
"
443,11500000000.0,-3.530646502E+01,-4.006219742E+01,11600000000.0,-3.360500451E+01,-1.579046391E+02,11700000000.0,"-3.584604006E+01
","1.057029766E+02
"
444,11500000000.0,-3.392657581E+01,-3.442730386E+01,11600000000.0,-3.218488603E+01,-1.526711900E+02,11700000000.0,"-3.436554527E+01
","1.113969507E+02
"
445,11500000000.0,-3.501606286E+01,-2.672197727E+01,11600000000.0,-3.324502997E+01,-1.472998382E+02,11700000000.0,"-3.535827399E+01
","1.165373687E+02
"
446,11500000000.0,-3.652812236E+01,-2.173819344E+01,11600000000.0,-3.432709254E+01,-1.434725552E+02,11700000000.0,"-3.657916458E+01
","1.225445056E+02
"
447,11500000000.0,-4.022198893E+01,-2.876547332E+01,11600000000.0,-3.690552754E+01,-1.540434599E+02,11700000000.0,"-3.863454843E+01
","1.105422486E+02
"
448,11500000000.0,-3.785995619E+01,-2.566091383E+01,11600000000.0,-3.591835308E+01,-1.475494404E+02,11700000000.0,"-3.787363295E+01
","1.160973863E+02
"
449,11500000000.0,-3.577410910E+01,-1.158664506E+01,11600000000.0,-3.362334483E+01,-1.303624647E+02,11700000000.0,"-3.593590718E+01
","1.297286734E+02
"
450,11500000000.0,-3.544927772E+01,-1.095591066E+01,11600000000.0,-3.355424746E+01,-1.298262360E+02,11700000000.0,"-3.574147121E+01
","1.304125224E+02
"
451,11500000000.0,-3.566844285E+01,-2.944614022E+01,11600000000.0,-3.312632198E+01,-1.483385489E+02,11700000000.0,"-3.530646960E+01
","1.142255276E+02
"
452,11500000000.0,-3.533642973E+01,-3.601665967E+01,11600000000.0,-3.342594339E+01,-1.543367911E+02,11700000000.0,"-3.532382756E+01
","1.079898808E+02
"
453,11500000000.0,-3.695699980E+01,-2.673206887E+01,11600000000.0,-3.438943924E+01,-1.476140471E+02,11700000000.0,"-3.686692977E+01
","1.137971510E+02
"
454,11500000000.0,-3.430847644E+01,-2.088741387E+01,11600000000.0,-3.238423032E+01,-1.385642518E+02,11700000000.0,"-3.489145366E+01
","1.253657442E+02
"
455,11500000000.0,-3.464789418E+01,-3.629785841E+01,11600000000.0,-3.295649882E+01,-1.556648148E+02,11700000000.0,"-3.480824590E+01
","1.052826897E+02
"
456,11500000000.0,-3.534708553E+01,-4.583991730E+01,11600000000.0,-3.334217221E+01,-1.611504164E+02,11700000000.0,"-3.528774834E+01
","9.559497996E+01
"
457,11500000000.0,-3.526311499E+01,-3.250100955E+01,11600000000.0,-3.254018218E+01,-1.549914182E+02,11700000000.0,"-3.448100832E+01
","1.094265706E+02
"
458,11500000000.0,-3.611168294E+01,-4.323549053E+01,11600000000.0,-3.270803470E+01,-1.582825340E+02,11700000000.0,"-3.528225506E+01
","1.015809770E+02
"
459,11500000000.0,-3.534412375E+01,-4.347338409E+01,11600000000.0,-3.301991725E+01,-1.582300499E+02,11700000000.0,"-3.521418010E+01
","1.020169015E+02
"
460,11500000000.0,-3.373559519E+01,-3.010419034E+01,11600000000.0,-3.132063477E+01,-1.503609518E+02,11700000000.0,"-3.330407709E+01
","1.120740912E+02
"
461,11500000000.0,-3.503316670E+01,-2.679446474E+01,11600000000.0,-3.318634733E+01,-1.454400864E+02,11700000000.0,"-3.500453115E+01
","1.169251394E+02
"
462,11500000000.0,-3.777064223E+01,-4.492641723E+01,11600000000.0,-3.468283895E+01,-1.666882996E+02,11700000000.0,"-3.563260388E+01
","1.014372124E+02
"
463,11500000000.0,-3.871766450E+01,-2.676117435E+01,11600000000.0,-3.568093816E+01,-1.431167441E+02,11700000000.0,"-3.838110250E+01
","1.185650597E+02
"
464,11500000000.0,-3.851116309E+01,-3.487856593E+01,11600000000.0,-3.707595069E+01,-1.551922784E+02,11700000000.0,"-3.912327251E+01
","1.025065594E+02
"
465,11500000000.0,-3.565766415E+01,-1.767156118E+01,11600000000.0,-3.493608135E+01,-1.393152476E+02,11700000000.0,"-3.569776277E+01
","1.166474012E+02
"
466,11500000000.0,-3.641752007E+01,-2.188990798E+01,11600000000.0,-3.283749688E+01,-1.458533023E+02,11700000000.0,"-3.488589888E+01
","1.245213095E+02
"
467,11500000000.0,-3.513672969E+01,-3.764275347E+01,11600000000.0,-3.230899807E+01,-1.480298984E+02,11700000000.0,"-3.553458017E+01
","1.084382169E+02
"
468,11500000000.0,-3.644128722E+01,-4.479108857E+01,11600000000.0,-3.489297393E+01,-1.684904192E+02,11700000000.0,"-3.589060596E+01
","9.603149226E+01
"
469,11500000000.0,-3.751011375E+01,-3.623894259E+01,11600000000.0,-3.423894094E+01,-1.642237685E+02,11700000000.0,"-3.572952566E+01
","9.625211363E+01
"
470,11500000000.0,-3.553723386E+01,-2.194736728E+01,11600000000.0,-3.408497256E+01,-1.489500870E+02,11700000000.0,"-3.446123005E+01
","1.062659272E+02
"
471,11500000000.0,-3.575535524E+01,-3.220398474E+01,11600000000.0,-3.333091529E+01,-1.587383325E+02,11700000000.0,"-3.525461224E+01
","1.008368413E+02
"
472,11500000000.0,-3.551338532E+01,-4.610004079E+01,11600000000.0,-3.195349780E+01,-1.574270940E+02,11700000000.0,"-3.572471535E+01
","9.552596537E+01
"
473,11500000000.0,-3.423326267E+01,-3.201816202E+01,11600000000.0,-3.262464279E+01,-1.502316128E+02,11700000000.0,"-3.410637042E+01
","9.951456766E+01
"
474,11500000000.0,-3.615658817E+01,-2.204020796E+01,11600000000.0,-3.481984021E+01,-1.529650357E+02,11700000000.0,"-3.464227299E+01
","1.116433343E+02
"
475,11500000000.0,-3.666049450E+01,-2.461417371E+01,11600000000.0,-3.298713152E+01,-1.512913768E+02,11700000000.0,"-3.565643926E+01
","1.184224834E+02
"
476,11500000000.0,-3.476725461E+01,-2.765616744E+01,11600000000.0,-3.222801438E+01,-1.411324015E+02,11700000000.0,"-3.488271765E+01
","1.112763441E+02
"
477,11500000000.0,-3.574862646E+01,-2.789539956E+01,11600000000.0,-3.472866819E+01,-1.292444866E+02,11700000000.0,"-3.662258384E+01
","1.133500122E+02
"
478,11500000000.0,-3.627003047E+01,-8.233037465E+00,11600000000.0,-3.566568460E+01,-1.195433188E+02,11700000000.0,"-3.682468320E+01
","1.281644502E+02
"
479,11500000000.0,-3.816140423E+01,-1.287142669E+01,11600000000.0,-3.666904809E+01,-1.328507259E+02,11700000000.0,"-3.745061498E+01
","1.236061198E+02
"
480,11500000000.0,-3.864285428E+01,-3.420829794E+01,11600000000.0,-3.673477707E+01,-1.571251753E+02,11700000000.0,"-3.766644472E+01
","9.888432018E+01
"
481,11500000000.0,-3.707983361E+01,-2.698136843E+01,11600000000.0,-3.421095649E+01,-1.418497820E+02,11700000000.0,"-3.637298447E+01
","1.105268633E+02
"
482,11500000000.0,-3.718045373E+01,-4.363169851E+01,11600000000.0,-3.402156574E+01,-1.455268192E+02,11700000000.0,"-3.773915967E+01
","1.105723540E+02
"
483,11500000000.0,-3.661981663E+01,-3.994815523E+01,11600000000.0,-3.357519336E+01,-1.611217849E+02,11700000000.0,"-3.664698121E+01
","1.027840520E+02
"
484,11500000000.0,-3.669311549E+01,-3.648885576E+01,11600000000.0,-3.479865150E+01,-1.676983740E+02,11700000000.0,"-3.608628804E+01
","1.019891512E+02
"
485,11500000000.0,-3.538503516E+01,-3.575730111E+01,11600000000.0,-3.488753835E+01,-1.565403840E+02,11700000000.0,"-3.563983413E+01
","9.191051331E+01
"
486,11500000000.0,-3.505557246E+01,-4.423359760E+01,11600000000.0,-3.315707546E+01,-1.573153589E+02,11700000000.0,"-3.607603784E+01
","9.361293415E+01
"
487,11500000000.0,-3.562389399E+01,-6.194002873E+01,11600000000.0,-3.245557842E+01,-1.791522729E+02,11700000000.0,"-3.645958277E+01
","8.533527349E+01
"
488,11500000000.0,-3.499137078E+01,-5.964677388E+01,11600000000.0,-3.338979716E+01,1.734864961E+02,11700000000.0,"-3.469478189E+01
","7.425136477E+01
"
489,11500000000.0,-3.528944532E+01,-5.325737442E+01,11600000000.0,-3.382034631E+01,-1.764470053E+02,11700000000.0,"-3.451454748E+01
","8.100255890E+01
"
490,11500000000.0,-3.648648663E+01,-6.241323474E+01,11600000000.0,-3.412891626E+01,1.722354566E+02,11700000000.0,"-3.555005539E+01
","7.264597101E+01
"
491,11500000000.0,-3.516072030E+01,-6.830302793E+01,11600000000.0,-3.442930126E+01,1.726288148E+02,11700000000.0,"-3.547062492E+01
","7.321642669E+01
"
492,11500000000.0,-3.456709223E+01,-6.425832071E+01,11600000000.0,-3.201590492E+01,-1.783123706E+02,11700000000.0,"-3.504118510E+01
","8.164344393E+01
"
493,11500000000.0,-3.625726873E+01,-5.058600488E+01,11600000000.0,-3.309765584E+01,-1.756819999E+02,11700000000.0,"-3.516200203E+01
","9.590197778E+01
"
494,11500000000.0,-3.695191939E+01,-4.676983648E+01,11600000000.0,-3.516568923E+01,-1.667307965E+02,11700000000.0,"-3.691006160E+01
","9.111822579E+01
"
495,11500000000.0,-3.923102820E+01,-5.374628637E+01,11600000000.0,-3.757555962E+01,-1.794134780E+02,11700000000.0,"-3.934020594E+01
","8.280598646E+01
"
496,11500000000.0,-3.894377760E+01,-5.304028259E+01,11600000000.0,-3.585923205E+01,-1.617919115E+02,11700000000.0,"-3.899309305E+01
","9.709027049E+01
"
497,11500000000.0,-3.776673638E+01,-3.230396488E+01,11600000000.0,-3.496511176E+01,-1.588572701E+02,11700000000.0,"-3.605248753E+01
","1.084865411E+02
"
498,11500000000.0,-3.581685322E+01,-4.079023211E+01,11600000000.0,-3.393993156E+01,-1.591777657E+02,11700000000.0,"-3.538529684E+01
","9.795145579E+01
"
499,11500000000.0,-3.476293861E+01,-5.270343136E+01,11600000000.0,-3.278700635E+01,-1.716602614E+02,11700000000.0,"-3.481543200E+01
","8.910385778E+01
"
500,11500000000.0,-3.561278162E+01,-6.180107486E+01,11600000000.0,-3.397817642E+01,1.780349274E+02,11700000000.0,"-3.526827795E+01
","7.903046110E+01
"
501,11500000000.0,-3.628980605E+01,-6.016397177E+01,11600000000.0,-3.339613647E+01,-1.781626379E+02,11700000000.0,"-3.500205057E+01
","8.417345037E+01
"
502,11500000000.0,-3.507230152E+01,-5.123884108E+01,11600000000.0,-3.232249201E+01,-1.731169030E+02,11700000000.0,"-3.392695683E+01
","8.726707829E+01
"
503,11500000000.0,-3.433294454E+01,-7.034803756E+01,11600000000.0,-3.226275154E+01,1.712099534E+02,11700000000.0,"-3.404074415E+01
","6.776701005E+01
"
504,11500000000.0,-3.416207607E+01,-7.048387809E+01,11600000000.0,-3.218538114E+01,1.685567497E+02,11700000000.0,"-3.381276326E+01
","7.002175114E+01
"
505,11500000000.0,-3.414222093E+01,-5.207858647E+01,11600000000.0,-3.210801955E+01,-1.691209054E+02,11700000000.0,"-3.434694575E+01
","8.909113137E+01
"
506,11500000000.0,-3.533692109E+01,-6.057361105E+01,11600000000.0,-3.283288719E+01,-1.782113677E+02,11700000000.0,"-3.462654412E+01
","8.476397941E+01
"
507,11500000000.0,-3.477820187E+01,-6.486727600E+01,11600000000.0,-3.325947635E+01,1.777564666E+02,11700000000.0,"-3.468901524E+01
","7.833956861E+01
"
508,11500000000.0,-3.409122963E+01,-5.976792046E+01,11600000000.0,-3.228354603E+01,-1.771439147E+02,11700000000.0,"-3.386046376E+01
","8.587673004E+01
"
509,11500000000.0,-3.527412995E+01,-4.764949901E+01,11600000000.0,-3.325066985E+01,-1.666928900E+02,11700000000.0,"-3.457160383E+01
","9.579932624E+01
"
510,11500000000.0,-3.600503688E+01,-4.013900994E+01,11600000000.0,-3.425934388E+01,-1.597304401E+02,11700000000.0,"-3.555534711E+01
","1.014376470E+02
"
511,11500000000.0,-3.780096449E+01,-4.852471583E+01,11600000000.0,-3.635555824E+01,-1.692313656E+02,11700000000.0,"-3.833074448E+01
","8.791806481E+01
"
